,rank,country,region,score,gdp_per_capita,healthy_life_expectancy,freedom_to_life_choice,generosity,corruption_perceptions,population,year,sqrt_of_population
,1,Switzerland,Western Europe,7.587,164.307622,149.5623944,154.404831,126.2506522,293.7795202,8300000,2015,2880.972058
1,2,Iceland,Western Europe,7.561,153.225614,150.5807334,145.8676407,185.6026671,98.99259883,330000,2015,574.4562647
2,3,Denmark,Western Europe,7.527,155.9505244,138.9516508,150.6489312,145.2278124,338.4224179,5690000,2015,2385.372088
3,4,Norway,Western Europe,7.522,171.6599383,140.6308776,155.3699047,147.6100607,255.4631909,5200000,2015,2280.35085
4,5,Canada,North America,7.427,156.0458256,143.8749469,146.8419939,194.8806735,230.6468066,36000000,2015,6000
5,6,Finland,Western Europe,7.406,151.8055075,141.2504599,148.8649368,99.33550035,289.5384799,5480000,2015,2340.939982
6,7,Netherlands,Western Europe,7.378,156.4164417,141.8430347,142.8494655,202.5336462,222.6476168,16900000,2015,4110.960958
7,8,Sweden,Western Europe,7.364,156.6835205,144.7074112,153.0662553,154.2590858,306.8385651,9760000,2015,3124.09987
8,9,New Zealand,Australia and New Zealand,7.286,147.0910361,144.3102431,148.3290426,202.0699585,300.3860252,4610000,2015,2147.091055
9,10,Australia,Australia and New Zealand,7.284,156.9035371,147.9943746,151.0804305,185.3133941,249.4025623,23900000,2015,4888.762625
10,11,Israel,Middle East and Northern Africa,7.278,144.5484924,145.184013,95.85548046,141.11418,54.48267104,7980000,2015,2824.889378
11,12,Costa Rica,Latin America and Caribbean,7.226,112.4531432,136.6687284,147.0252651,108.4646162,74.0642399,4850000,2015,2202.271555
12,13,Austria,Western Europe,7.2,157.332981,141.458576,144.8376101,140.7568428,130.7024232,8680000,2015,2946.183973
13,14,Mexico,Latin America and Caribbean,7.187,120.0725384,129.3878424,111.7745566,59.87100475,149.1502486,122000000,2015,11045.36102
14,15,United States,North America,7.119,164.0723102,136.9102067,126.6752016,170.6072648,111.2048353,321000000,2015,17916.47287
15,16,Brazil,Latin America and Caribbean,6.983,115.448662,110.73365,113.78822,61.99801216,122.6192523,204000000,2015,14282.85686
16,17,Luxembourg,Western Europe,6.946,184.0032174,145.9894699,142.8657047,119.2570518,264.52614,567000,2015,752.9940239
17,18,Ireland,Western Europe,6.94,157.1835581,142.2386142,143.3157631,195.2635348,200.8755436,4650000,2015,2156.385865
18,19,Belgium,Western Europe,6.937,153.8727214,142.4514963,135.5974935,94.65183002,157.7443038,11300000,2015,3361.547263
19,20,United Arab Emirates,Middle East and Northern Africa,6.901,167.9267171,128.5633214,148.8370982,112.425104,270.0198968,9260000,2015,3043.024811
20,21,United Kingdom,Western Europe,6.867,148.9958849,144.4786424,138.3233627,220.834418,224.4182161,65900000,2015,8117.881497
21,22,Oman,Middle East and Northern Africa,6.853,160.0249477,121.177583,146.7886365,91.63998751,227.6164923,4270000,2015,2066.397832
22,23,Venezuela,Latin America and Caribbean,6.81,122.8609829,114.4670304,99.54178358,24.84770063,77.46547023,30100000,2015,5486.34669
23,24,Singapore,Southeastern Asia,6.798,179.0557874,162.8786472,125.8586008,132.3211314,344.392067,5590000,2015,2364.318084
24,25,Panama,Latin America and Caribbean,6.786,125.1305649,126.5552394,125.7611655,103.9425984,64.87531927,3970000,2015,1992.485885
25,26,Germany,Western Europe,6.75,156.2376047,141.6873448,142.6197965,120.0227745,152.8664076,81800000,2015,9044.335244
26,27,Chile,Latin America and Caribbean,6.67,130.2627147,136.3986541,102.3813273,141.9266968,90.0626196,18000000,2015,4242.640687
27,28,Qatar,Middle East and Northern Africa,6.611,198.8878636,126.6696238,148.5656712,138.5660251,365.3733192,2570000,2015,1603.121954
28,29,France,Western Europe,6.575,150.3383386,150.2550556,127.6193963,52.46051091,144.4893033,64500000,2015,8031.189202
29,30,Argentina,Latin America and Caribbean,6.574,123.9516529,125.0650646,104.3346736,48.71272384,59.37456405,43100000,2015,6565.059025
30,31,Czech Republic,Central and Eastern Europe,6.505,138.713937,134.2158181,107.5593189,45.4584025,18.55980008,10600000,2015,3255.764119
31,32,Uruguay,Latin America and Caribbean,6.485,124.9105484,128.9366594,140.0331206,98.8633047,171.867108,3410000,2015,1846.618531
32,33,Colombia,Latin America and Caribbean,6.477,108.0798739,109.7407297,124.0351683,78.27812693,35.83189155,47500000,2015,6892.024376
33,34,Thailand,Southeastern Asia,6.455,113.7614766,117.3234635,129.1342836,245.1588748,22.30395281,68700000,2015,8288.546314
34,35,Saudi Arabia,Middle East and Northern Africa,6.411,164.1782005,114.4241362,72.02790381,58.30552729,227.6164923,31700000,2015,5630.275304
35,36,Spain,Western Europe,6.329,144.7296825,151.8167206,106.6012048,77.53792835,44.77586761,46700000,2015,6833.739825
36,37,Malta,Western Europe,6.302,142.0577173,140.9486121,140.0400803,220.1537756,95.08048411,434000,2015,658.7867637
38,39,Kuwait,Middle East and Northern Africa,6.295,182.8631318,115.1660463,128.751502,69.0341527,179.2224435,3840000,2015,1959.591794
39,40,Suriname,Latin America and Caribbean,6.269,117.10761,96.62306094,138.3975991,72.27996601,95.40940967,559000,2015,747.6630257
40,41,Trinidad and Tobago,Latin America and Caribbean,6.168,142.5789329,97.6763508,129.6446591,135.4648483,7.978194603,1370000,2015,1170.469991
41,42,El Salvador,Latin America and Caribbean,6.13,89.95263143,107.6119086,93.60750833,45.48392659,82.41335057,6330000,2015,2515.949125
42,43,Guatemala,Latin America and Caribbean,6.123,87.71599303,102.3502253,133.9341333,116.9386137,66.28899937,16300000,2015,4037.325848
43,44,Uzbekistan,Central and Eastern Europe,6.003,74.41028883,94.95813217,152.697393,97.14893672,215.7331814,30900000,2015,5558.776844
44,45,Slovakia,Central and Eastern Europe,5.995,137.5291422,125.3494369,73.65878555,71.86307256,24.01156639,5440000,2015,2332.380758
45,46,Japan,Eastern Asia,5.987,149.5100412,157.4549193,115.101277,45.53922878,126.3913987,128000000,2015,11313.7085
46,47,South Korea,Eastern Asia,5.984,146.4356928,153.367265,77.03886336,78.94175324,54.98655702,50800000,2015,7127.411872
47,48,Ecuador,Latin America and Caribbean,5.975,101.657039,125.6242773,112.6862728,49.09558518,126.6013512,16200000,2015,4024.922359
48,49,Bahrain,Middle East and Northern Africa,5.96,155.7481563,118.6992539,105.5363759,73.85820552,214.1515394,1370000,2015,1170.469991
49,50,Italy,Western Europe,5.948,147.2039858,151.6324346,60.86459947,97.08938051,20.30240574,60600000,2015,7784.600182
50,51,Bolivia,Latin America and Caribbean,5.89,80.16248512,85.66122075,133.1940888,87.36044859,61.5860636,10900000,2015,3301.514804
51,52,Moldova,Central and Eastern Europe,5.889,69.94407138,98.22126546,76.13410677,89.12586475,11.30244235,4070000,2015,2017.4241
52,53,Paraguay,Latin America and Caribbean,5.878,89.40082532,105.0080743,125.0396801,145.6574679,57.6809473,6690000,2015,2586.503431
53,54,Kazakhstan,Central and Eastern Europe,5.855,132.0734388,102.2596709,119.8199305,50.31223342,59.16461156,17600000,2015,4195.235393
54,55,Slovenia,Central and Eastern Europe,5.848,139.4198723,138.7498894,141.1768258,107.7456877,26.5030026,2070000,2015,1438.749457
55,56,Lithuania,Central and Eastern Europe,5.833,134.9783626,116.176442,49.51106426,11.23485317,7.215367225,2930000,2015,1711.724277
56,57,Nicaragua,Latin America and Caribbean,5.828,69.79935464,118.0606075,128.6958246,118.3254226,135.188408,6220000,2015,2493.992783
57,58,Peru,Latin America and Caribbean,5.824,105.9126524,116.0000993,96.26610076,63.73365022,41.91351533,30500000,2015,5522.680509
58,59,Belarus,Central and Eastern Europe,5.813,121.4114623,116.9390048,88.01193683,46.98984784,133.5997675,9440000,2015,3072.458299
59,60,Poland,Central and Eastern Europe,5.791,132.427583,123.7623531,123.2371266,71.29303457,29.47732953,38000000,2015,6164.414003
60,61,Malaysia,Southeastern Asia,5.77,132.3464004,115.0103564,123.0097775,140.7015406,73.49036976,30300000,2015,5504.543578
61,62,Croatia,Central and Eastern Europe,5.759,127.3672033,125.1953357,60.04567876,23.15885675,17.00615165,4230000,2015,2056.69638
62,63,Libya,Middle East and Northern Africa,5.754,133.1217527,111.81077,96.66512161,77.82720135,77.14354308,6420000,2015,2533.771892
63,64,Russia,Central and Eastern Europe,5.716,133.8500427,106.3234952,85.09119697,0.8465489516,21.03024104,145000000,2015,12041.59458
64,65,Jamaica,Latin America and Caribbean,5.709,95.34597726,109.2069357,117.0198249,90.31273489,16.08935912,2890000,2015,1700
66,67,Cyprus,Western Europe,5.689,142.1436061,146.7234366,94.35451248,130.3345064,43.01226669,1160000,2015,1077.032961
67,68,Algeria,Middle East and Northern Africa,5.605,110.5129976,98.12594512,66.30009865,33.27490402,121.6534709,39700000,2015,6300.793601
69,70,Turkmenistan,Central and Eastern Europe,5.548,112.7696375,85.60720588,110.4499002,72.22891783,215.8591529,5570000,2015,2360.084744
70,71,Mauritius,Sub-Saharan Africa,5.477,118.5512477,112.7163133,130.0668789,160.5635358,52.63508913,1260000,2015,1122.497216
72,73,Estonia,Central and Eastern Europe,5.429,135.5089907,122.9012926,104.1351632,36.92484874,106.2639534,1320000,2015,1148.912529
73,74,Indonesia,Southeastern Asia,5.399,97.45084107,101.3461843,108.1323314,219.2306544,106.2639534,258000000,2015,16062.3784
74,75,Vietnam,Southeastern Asia,5.36,74.37734518,118.635707,137.9034628,71.72269007,73.07046478,92700000,2015,9628.083922
75,76,Turkey,Middle East and Northern Africa,5.332,124.8305424,116.2463436,52.92826028,52.12444374,110.1970634,78500000,2015,8860.022573
77,78,Nigeria,Sub-Saharan Africa,5.268,76.9881293,25.42988057,79.65105802,115.8495859,28.20361776,181000000,2015,13453.62405
78,79,Bhutan,Southern Asia,5.253,90.64444804,91.20092172,123.4319972,204.1842039,108.09054,728000,2015,853.2291603
79,80,Azerbaijan,Central and Eastern Europe,5.212,120.4666856,101.7465297,85.9054779,33.17706168,112.4295582,9620000,2015,3101.612484
80,81,Pakistan,Southern Asia,5.194,70.05584447,81.76261845,28.07529283,143.2369334,73.23142836,199000000,2015,14106.73598
81,82,Jordan,Middle East and Northern Africa,5.192,106.1232565,110.6335636,94.32899371,47.01962594,100.0283644,9270000,2015,3044.66747
82,82,Montenegro,Central and Eastern Europe,5.192,114.6415426,115.2121178,42.36116734,68.65979939,100.0493597,627000,2015,791.8333158
83,84,China,Eastern Asia,5.14,104.7278576,129.7278183,119.9312852,34.8191114,19.46259578,1410000000,2015,37549.96671
84,85,Zambia,Sub-Saharan Africa,5.129,55.34297587,47.53943564,113.2732047,83.34040458,87.25625466,15900000,2015,3987.480407
85,86,Romania,Central and Eastern Europe,5.124,122.7680347,122.1530279,81.35385631,58.48419591,4.541972191,19900000,2015,4460.941605
86,87,Serbia,Central and Eastern Europe,5.123,108.3057732,118.8898946,46.64600173,81.80895924,18.31485551,8880000,2015,2979.932885
87,88,Portugal,Western Europe,5.102,136.4702393,139.0390278,119.4023506,58.36082948,7.544292791,10400000,2015,3224.903099
88,89,Latvia,Central and Eastern Europe,5.098,130.9651203,115.0786693,68.83341709,77.53367433,44.31397213,2000000,2015,1414.213562
89,90,Philippines,Southeastern Asia,5.073,82.98504983,92.32411318,145.0974376,106.3120847,85.93355398,102000000,2015,10099.50494
91,92,Morocco,Middle East and Northern Africa,5.013,86.45236881,96.83594305,96.71847905,30.50979438,59.80846586,34700000,2015,5890.67059
92,93,Macedonia,Central and Eastern Europe,5.007,108.0681083,116.8389184,77.61651564,95.11551763,37.28056373,2080000,2015,1442.22051
93,94,Mozambique,Sub-Saharan Africa,4.971,9.774851046,14.50616852,78.96205108,94.7326563,109.1962898,27000000,2015,5196.152423
94,95,Albania,Central and Eastern Europe,4.959,103.3806977,129.1987904,82.89658228,60.71329968,44.88084385,2890000,2015,1700
95,96,Bosnia and Herzegovina,Central and Eastern Europe,4.949,97.91675838,125.6338093,21.44737087,105.5336,1.588640504,3430000,2015,1852.025918
96,97,Lesotho,Sub-Saharan Africa,4.898,44.17390257,12.09297501,73.69590377,69.71479507,87.50819765,2060000,2015,1435.270009
97,98,Dominican Republic,Latin America and Caribbean,4.885,105.3455511,106.1630393,133.7926201,92.24405762,99.61545788,10300000,2015,3209.361307
98,99,Laos,Southeastern Asia,4.876,69.49462589,87.23241784,138.2444865,179.4853938,169.7045973,6740000,2015,2596.150997
99,100,Mongolia,Eastern Asia,4.874,97.4414286,95.74611372,101.2074637,141.3609129,18.65777791,3000000,2015,1732.050808
100,101,Swaziland,Sub-Saharan Africa,4.867,83.77805051,12.01989607,71.12314722,77.67405682,21.41515394,1100000,2015,1048.808848
101,102,Greece,Western Europe,4.857,135.7819523,140.1415665,17.86082296,77.67405682,9.776787597,10700000,2015,3271.085447
102,103,Lebanon,Middle East and Northern Africa,4.839,120.6725834,133.3642897,78.68134455,92.96724014,32.06674357,6530000,2015,2555.386468
103,104,Hungary,Central and Eastern Europe,4.8,131.8851894,120.5881855,74.49626536,54.45138985,19.30163221,9780000,2015,3127.299154
104,105,Honduras,Latin America and Caribbean,4.788,70.04290232,110.4286249,93.13889081,97.95719954,47.76419137,9110000,2015,3018.277655
105,106,Tajikistan,Central and Eastern Europe,4.786,45.94109398,91.15643889,109.535864,97.73173675,105.4801308,8450000,2015,2906.888371
106,107,Tunisia,Middle East and Northern Africa,4.739,103.6701312,117.2329092,60.9388359,27.35756939,44.49593095,11200000,2015,3346.640106
107,108,Palestinian Territories,Middle East and Northern Africa,4.715,70.43704954,104.8762145,56.83495283,47.86192088,90.31456259,4530000,2015,2128.379665
108,109,Bangladesh,Southern Asia,4.694,46.77174454,95.58089178,94.69785601,90.27870277,87.96309471,156000000,2015,12489.996
109,110,Iran,Middle East and Northern Africa,4.686,118.6912583,110.8972833,69.67321679,162.0184089,41.03171488,78500000,2015,8860.022573
110,111,Ukraine,Central and Eastern Europe,4.681,94.01528919,107.0606392,58.28256336,64.98007656,20.72231072,44900000,2015,6700.746227
111,112,Iraq,Middle East and Northern Africa,4.677,115.9486995,95.69686488,58.28256336,76.24045382,96.4941642,35600000,2015,5966.573556
112,113,South Africa,Sub-Saharan Africa,4.642,108.3010669,43.98716395,77.03654347,50.93331959,62.17393057,55400000,2015,7443.117626
113,114,Ghana,Sub-Saharan Africa,4.633,64.19069853,63.75660443,98.22872658,98.21244043,30.47810307,27800000,2015,5272.570531
114,115,Zimbabwe,Sub-Saharan Africa,4.61,31.88474523,53.18081166,59.99464121,80.77097962,56.54020544,13800000,2015,3714.835124
115,116,Liberia,Sub-Saharan Africa,4.571,8.377099115,54.33418788,66.18874399,103.6363093,43.6141305,4470000,2015,2114.237451
116,117,India,Southern Asia,4.565,75.8868702,81.86270482,92.29909111,112.6250427,59.43055138,1310000000,2015,36193.92214
117,118,Sudan,Sub-Saharan Africa,4.55,61.30695275,58.58706414,23.38679781,81.09003073,102.5967832,38900000,2015,6236.986452
118,119,Haiti,Latin America and Caribbean,4.518,31.38235459,61.71516028,56.66328106,196.4801831,120.1978003,10700000,2015,3271.085447
119,120,Congo (Kinshasa),Sub-Saharan Africa,4.517,31.38235459,15.57852245,52.44108366,105.6442043,53.36292443,76200000,2015,8729.261137
120,121,Nepal,Southern Asia,4.514,42.35258945,90.35415929,88.80997853,137.387663,41.33964519,27000000,2015,5196.152423
121,122,Ethiopia,Sub-Saharan Africa,4.512,22.44050722,69.98896662,100.7991632,103.4789108,105.3121688,101000000,2015,10049.87562
122,123,Sierra Leone,Sub-Saharan Africa,4.507,38.85467994,69.98896662,94.74425378,91.41027071,61.48808578,7170000,2015,2677.685568
123,124,Mauritania,Sub-Saharan Africa,4.436,53.42400836,56.99203696,56.21554255,93.16292482,122.1993473,4050000,2015,2012.46118
124,125,Kenya,Sub-Saharan Africa,4.419,42.91027835,65.82664469,97.93410072,159.7042248,40.86375288,47900000,2015,6920.982589
125,126,Djibouti,Sub-Saharan Africa,4.369,51.79800401,57.65451339,106.8865511,76.96789036,196.6904906,914000,2015,956.0334722
126,127,Armenia,Central and Eastern Europe,4.35,90.38442853,115.9572052,46.04283068,33.41528651,27.29382364,2930000,2015,1711.724277
127,128,Botswana,Sub-Saharan Africa,4.332,116.897006,7.58749982,114.8228903,44.50124916,87.29824516,2120000,2015,1456.021978
128,129,Myanmar,Southeastern Asia,4.307,31.8941577,76.64709303,102.1145401,338.5685325,133.2078562,52700000,2015,7259.476565
129,130,Georgia,Central and Eastern Europe,4.297,87.28890216,115.8555301,94.13412306,23.59702027,268.2562959,4020000,2015,2004.993766
130,131,Malawi,Sub-Saharan Africa,4.292,1.887200419,35.84362876,99.88048732,140.9270034,48.82795066,16700000,2015,4086.563348
131,132,Sri Lanka,Southern Asia,4.271,98.2709026,112.4875444,124.6383393,173.6829176,64.23846339,20900000,2015,4571.65178
132,133,Cameroon,Sub-Saharan Africa,4.252,49.70961203,37.17811365,114.391391,87.70927781,40.49283682,23300000,2015,4827.007354
133,134,Bulgaria,Central and Eastern Europe,4.218,119.086582,121.7701578,70.95843512,50.71211081,6.10261903,7200000,2015,2683.281573
134,135,Egypt,Middle East and Northern Africa,4.194,103.7489607,98.0401568,40.10623554,48.03208147,44.2579848,92400000,2015,9612.491873
135,136,Yemen,Middle East and Northern Africa,4.077,64.29776539,63.6485747,82.52076032,38.84340943,54.96556177,26500000,2015,5147.81507
136,137,Angola,Sub-Saharan Africa,4.033,89.15727764,26.50382318,24.08972408,52.51155909,49.84272102,27900000,2015,5282.045058
137,138,Mali,Sub-Saharan Africa,3.995,30.67759583,32.69964589,90.14391452,79.96697081,86.44443837,17400000,2015,4171.330723
138,139,Congo (Brazzaville),Sub-Saharan Africa,3.989,79.8483439,49.32986954,96.1965041,52.69873574,81.7834931,4860000,2015,2204.540769
139,140,Comoros,Sub-Saharan Africa,3.956,28.12681622,57.69264153,53.16488893,74.19427269,139.2684847,777000,2015,881.4760348
140,141,Uganda,Sub-Saharan Africa,3.931,24.82774516,53.79403924,106.0815498,123.6471951,50.85749139,38200000,2015,6180.614856
141,142,Senegal,Sub-Saharan Africa,3.904,42.94204544,69.17080028,85.30694662,88.66643115,74.97403402,14600000,2015,3820.994635
142,143,Gabon,Sub-Saharan Africa,3.896,124.7434771,68.90390331,74.0369274,29.02088918,77.61943539,1950000,2015,1396.424004
143,144,Niger,Sub-Saharan Africa,3.845,8.16531852,47.19469371,110.640131,82.47258555,109.4482328,20000000,2015,4472.135955
144,145,Cambodia,Southeastern Asia,3.819,54.16641701,97.09013065,153.6833456,171.6877846,50.71752306,15500000,2015,3937.003937
145,146,Tanzania,Sub-Saharan Africa,3.781,33.55545882,60.71111927,76.27330009,146.2402679,40.21989858,51500000,2015,7176.350047
146,147,Madagascar,Sub-Saharan Africa,3.681,24.50066179,74.22436748,44.50474448,90.75089841,56.85513417,24200000,2015,4919.34955
147,148,Central African Republic,Sub-Saharan Africa,3.678,9.235987087,10.64251702,113.3938389,101.3944435,58.00987287,4490000,2015,2118.96201
148,149,Chad,Sub-Saharan Africa,3.667,40.23007725,23.8459741,54.51970392,78.2143167,36.87465558,14100000,2015,3754.996671
149,150,Guinea,Sub-Saharan Africa,3.656,20.49212574,38.14243785,87.51780054,121.907303,84.95377569,11400000,2015,3376.388603
150,151,Ivory Coast,Sub-Saharan Africa,3.655,54.7499902,24.12399178,108.723903,85.78220909,125.4256173,23200000,2015,4816.637832
151,152,Burkina Faso,Sub-Saharan Africa,3.587,30.36933741,43.09274133,91.61936373,92.51206055,89.8036782,18100000,2015,4254.409477
152,153,Afghanistan,Southern Asia,3.575,37.62870561,48.19238003,54.31787361,155.3140815,68.0176082,34400000,2015,5865.151319
153,154,Rwanda,Sub-Saharan Africa,3.465,26.12901926,68.09685768,137.3397299,96.25984762,386.249595,11400000,2015,3376.388603
154,155,Benin,Sub-Saharan Africa,3.34,33.72605985,50.69453921,112.3986067,77.67831083,56.05731471,10600000,2015,3255.764119
155,156,Syria,Middle East and Northern Africa,3.006,78.0293839,114.6910332,36.38513409,200.7001658,132.3120589,18000000,2015,4242.640687
156,157,Burundi,Sub-Saharan Africa,2.905,1.800135063,35.57990912,27.49068088,83.91895059,70.418065,10200000,2015,3193.743885
157,158,Togo,Sub-Saharan Africa,2.839,24.55243038,45.18661168,84.56690213,70.96122141,75.10000552,7320000,2015,2705.549852
,1,Denmark,Western Europe,7.526,150.7938737,143.1497203,155.2737945,150.6556671,323.8145454,5710000,2016,2389.560629
1,2,Switzerland,Western Europe,7.509,159.7414357,155.3915565,156.9245885,116.9683752,300.1401641,8380000,2016,2894.822965
2,3,Iceland,Western Europe,7.501,149.2124928,156.1657865,151.7444183,198.5834203,109.0842647,332000,2016,576.1944116
3,4,Norway,Western Europe,7.498,164.9823747,143.2847604,159.7438017,157.8362916,260.6075895,5250000,2016,2291.287847
4,5,Finland,Western Europe,7.413,147.0495988,146.007169,153.0307513,106.1766129,298.6905635,5500000,2016,2345.20788
5,6,Canada,North America,7.404,150.6233942,149.0122616,153.7435942,186.7378889,228.2137514,36400000,2016,6033.241252
6,7,Netherlands,Western Europe,7.339,153.1889546,146.2592439,147.9577755,197.4921653,218.0009876,17000000,2016,4123.105626
7,8,New Zealand,Australia and New Zealand,7.334,142.3096396,149.6172413,155.8258458,205.7598797,305.246546,4660000,2016,2158.703314
8,9,Australia,Australia and New Zealand,7.313,151.0710338,153.2615238,152.3152286,197.4546794,235.5127453,24300000,2016,4929.503018
9,10,Sweden,Western Europe,7.291,151.8428982,149.6622547,156.0161159,159.3315609,297.6925973,9840000,2016,3136.877428
10,11,Israel,Middle East and Northern Africa,7.267,139.9040999,152.8960152,97.63267602,134.4826015,63.57846157,8110000,2016,2847.806173
11,12,Austria,Western Europe,7.119,151.6933364,145.0600877,145.6638149,136.8858616,155.5079053,8750000,2016,2958.039892
12,13,United States,North America,7.104,157.7155529,140.2616624,129.070119,171.0896253,108.3048312,323000000,2016,17972.20076
13,14,Costa Rica,Latin America and Caribbean,7.087,111.7833403,137.1035243,147.9952935,93.93539741,76.82883068,4900000,2016,2213.594362
15,16,Germany,Western Europe,6.994,151.4308188,146.7201808,143.281419,126.8354863,207.9776187,82200000,2016,9066.421565
16,17,Brazil,Latin America and Caribbean,6.952,113.7443781,110.5798459,108.3333588,65.70854563,103.1911648,206000000,2016,14352.70009
17,18,Belgium,Western Europe,6.929,149.0796652,147.5700333,137.6215537,100.9619134,191.2015879,11400000,2016,3376.388603
18,19,Ireland,Western Europe,6.907,155.1479007,146.6625637,144.7339033,187.2751862,216.740782,4700000,2016,2167.948339
19,20,Luxembourg,Western Europe,6.871,177.541384,152.2208147,147.0439431,114.8358463,257.3514515,579000,2016,760.9204952
20,21,Mexico,Latin America and Caribbean,6.778,116.6247505,128.0954486,101.0548578,48.87739496,133.7056212,123000000,2016,11090.53651
21,22,Singapore,Southeastern Asia,6.739,172.10591,170.5448575,130.6967943,136.2236114,342.2732784,5650000,2016,2376.972865
22,23,United Kingdom,Western Europe,6.725,146.7201445,145.8271155,134.0894976,208.9045268,199.5859611,66300000,2016,8142.481194
23,24,Chile,Latin America and Caribbean,6.705,127.2530526,147.4331926,101.2692467,131.5961904,83.4139509,18200000,2016,4266.145802
24,25,Panama,Latin America and Caribbean,6.701,123.7346893,127.5408839,131.1175324,100.7120077,61.35671194,4040000,2016,2009.975124
25,26,Argentina,Latin America and Caribbean,6.65,120.4202738,125.5170828,113.3152194,45.77023377,53.14716494,43500000,2016,6595.452979
26,27,Czech Republic,Central and Eastern Europe,6.596,136.9222765,137.5176474,110.9944602,41.3552326,29.03571813,10600000,2016,3255.764119
27,28,United Arab Emirates,Middle East and Northern Africa,6.573,164.5723871,131.4264381,150.6483554,110.7540528,259.0414381,9360000,2016,3059.411708
28,29,Uruguay,Latin America and Caribbean,6.545,123.5788521,129.9680049,145.7522503,75.20496323,155.8429889,3420000,2016,1849.324201
29,30,Malta,Western Europe,6.488,136.7831735,144.609954,147.3762458,234.2324721,127.8707968,436000,2016,660.3029608
30,31,Colombia,Latin America and Caribbean,6.481,107.7598136,107.4181068,119.8835574,65.08378131,39.32861068,48200000,2016,6942.621983
31,32,France,Western Europe,6.478,145.8886644,150.8758152,124.7796624,50.64756053,129.7210407,64700000,2016,8043.631021
32,33,Thailand,Southeastern Asia,6.474,113.9284542,116.8817178,132.795125,244.4744418,20.63677608,69000000,2016,8306.623863
33,34,Saudi Arabia,Middle East and Northern Africa,6.379,155.7879834,106.7122971,101.5774306,64.37988019,218.591026,32400000,2016,5692.099788
35,36,Qatar,Middle East and Northern Africa,6.375,190.7979997,129.1397588,151.8918106,134.899111,350.0093378,2650000,2016,1627.88206
36,37,Spain,Western Europe,6.361,140.4134468,158.2598085,100.6153607,73.57641091,44.70451634,46600000,2016,6826.419266
37,38,Algeria,Middle East and Northern Africa,6.355,110.0963248,111.280254,56.29314868,29.33893227,117.694455,40600000,2016,6371.812929
38,39,Guatemala,Latin America and Caribbean,6.324,87.28344088,97.2991011,135.0086898,119.9880694,63.38178209,16600000,2016,4074.309757
39,40,Suriname,Latin America and Caribbean,6.269,114.7191446,91.70663995,139.9798309,69.41131547,92.45392235,565000,2016,751.6648189
40,41,Kuwait,Middle East and Northern Africa,6.239,169.1345455,114.4581979,115.6788563,66.49574867,172.4150558,3960000,2016,1989.974874
41,42,Bahrain,Middle East and Northern Africa,6.218,150.6328072,118.2879355,126.958389,71.41889148,187.7342016,1430000,2016,1195.826074
42,43,Trinidad and Tobago,Latin America and Caribbean,6.168,138.655311,94.72253577,129.8472785,133.0123228,9.039971449,1380000,2016,1174.734012
43,44,Venezuela,Latin America and Caribbean,6.084,118.5690541,111.4603075,53.18719041,17.70165561,60.48986536,29900000,2016,5468.089246
44,45,Slovakia,Central and Eastern Europe,6.078,133.8452774,126.6982336,62.68461586,57.63242558,21.46720053,5440000,2016,2332.380758
45,46,El Salvador,Latin America and Caribbean,6.068,91.37913377,107.3118752,99.87571922,36.9735522,77.30960273,6360000,2016,2521.904043
46,47,Malaysia,Southeastern Asia,6.005,130.8843717,112.2921545,104.5976333,172.7431682,66.1498636,30700000,2016,5540.758071
47,48,Nicaragua,Latin America and Caribbean,5.992,72.56781295,117.4182772,124.8332596,124.0073865,118.6778524,6300000,2016,2509.98008
48,49,Uzbekistan,Central and Eastern Europe,5.987,76.96785891,90.32022814,163.0641488,142.971066,206.3896141,31400000,2016,5603.57029
49,50,Italy,Western Europe,5.977,141.7124383,153.2291142,50.45373275,69.49045229,18.61899035,60700000,2016,7791.020472
50,51,Ecuador,Latin America and Caribbean,5.976,101.7710655,123.5400956,107.9179804,41.95917144,131.3891741,16500000,2016,4062.019202
51,52,Belize,Latin America and Caribbean,5.956,91.63642194,82.04857118,137.2919309,98.64612035,78.46054188,368000,2016,606.6300355
52,53,Japan,Eastern Asia,5.921,144.339706,164.7327311,125.3129546,42.58393576,138.294809,128000000,2016,11313.7085
53,54,Kazakhstan,Central and Eastern Europe,5.919,128.5844666,103.3254911,108.5879456,62.52224762,81.09021931,17800000,2016,4219.004622
54,55,Moldova,Central and Eastern Europe,5.897,72.35131437,94.18417586,67.53784314,83.28941347,13.86226081,4070000,2016,2017.4241
55,56,Russia,Central and Eastern Europe,5.856,128.8825443,106.2153495,87.58319933,11.39570112,26.12194812,145000000,2016,12041.59458
56,57,Poland,Central and Eastern Europe,5.835,130.3018128,124.3413335,121.1028939,60.15647341,40.06433761,38000000,2016,6164.414003
57,57,South Korea,Eastern Asia,5.835,142.186225,159.6084091,67.44672788,78.40375652,56.20662345,51000000,2016,7141.428429
58,59,Bolivia,Latin America and Caribbean,5.822,83.06642512,84.57112046,136.5683685,90.37424081,56.4251562,11000000,2016,3316.62479
59,60,Lithuania,Central and Eastern Europe,5.813,132.7439585,116.4477889,50.72707852,8.434318262,13.25765354,2890000,2016,1700
60,61,Belarus,Central and Eastern Europe,5.802,118.2500586,113.6209492,77.95982044,58.0697606,127.1642076,9450000,2016,3074.08523
62,63,Slovenia,Central and Eastern Europe,5.768,135.909858,142.5141315,142.4721011,107.2012264,26.47888495,2070000,2016,1438.749457
63,64,Peru,Latin America and Caribbean,5.743,104.1724217,113.4228904,100.5001267,60.50634143,38.5491772,30900000,2016,5558.776844
64,65,Turkmenistan,Central and Eastern Europe,5.658,112.9735595,79.23433526,100.2482198,93.99370875,207.365727,5660000,2016,2379.075451
65,66,Mauritius,Sub-Saharan Africa,5.648,119.6201704,119.1755992,123.6621606,153.9044415,37.90086338,1260000,2016,1122.497216
66,67,Libya,Middle East and Northern Africa,5.615,111.5835759,94.17517319,108.9952843,71.16898575,75.31367027,6490000,2016,2547.547841
67,68,Latvia,Central and Eastern Europe,5.56,127.3764673,115.1478028,75.02537324,72.66008992,64.75853842,1970000,2016,1403.566885
68,69,Cyprus,Western Europe,5.546,137.9075019,152.8293955,79.07464239,116.2311533,38.082974,1170000,2016,1081.665383
69,70,Paraguay,Latin America and Caribbean,5.538,93.47404512,104.9621773,123.903348,105.3602542,53.87560744,6780000,2016,2603.843313
70,71,Romania,Central and Eastern Europe,5.528,122.3373844,121.7197549,98.38303695,53.6839151,4.946124588,19800000,2016,4449.719092
71,72,Estonia,Central and Eastern Europe,5.517,133.8358644,122.6128201,111.2436873,35.08259887,134.9002669,1320000,2016,1148.912529
72,73,Jamaica,Latin America and Caribbean,5.51,93.43220965,107.0760052,116.8338762,92.65254802,31.27932103,2910000,2016,1705.872211
73,74,Croatia,Central and Eastern Europe,5.488,124.0934284,126.9809176,64.06742385,76.7793693,29.15226893,4210000,2016,2051.828453
75,76,Somalia,Sub-Saharan Africa,5.44,124.0934284,20.64493224,152.1571168,113.3947233,227.1283721,14200000,2016,3768.288736
77,78,Turkey,Middle East and Northern Africa,5.389,121.8374505,116.5270124,64.01918636,19.60510423,89.94808014,79800000,2016,8933.084574
78,79,Indonesia,Southeastern Asia,5.314,99.46802264,88.89960617,105.1496846,235.4153593,2.345584856,262000000,2016,16186.41406
79,80,Jordan,Middle East and Northern Africa,5.303,104.2466796,109.3140699,96.5366131,59.40259114,96.86099948,9550000,2016,3090.307428
80,81,Azerbaijan,Central and Eastern Europe,5.291,117.5294426,98.13634979,94.67143022,23.49113827,130.4931898,9740000,2016,3120.897307
81,82,Philippines,Southeastern Asia,5.279,84.94379201,84.68995576,147.0010653,90.27427852,85.64298495,104000000,2016,10198.03903
82,83,China,Eastern Asia,5.245,107.4962501,132.4491418,117.9460183,20.65470828,19.99574668,1410000000,2016,37549.96671
83,84,Bhutan,Southern Asia,5.196,89.18277139,89.59281207,123.4718905,202.1987231,117.7163083,737000,2016,858.4870413
85,86,Serbia,Central and Eastern Europe,5.177,108.1833977,116.2785386,42.1220466,86.3715841,31.60712016,8850000,2016,2974.894956
86,87,Bosnia and Herzegovina,Central and Eastern Europe,5.163,97.66805138,127.416647,25.48815277,124.4905375,31.60712016,3390000,2016,1841.195264
87,88,Montenegro,Central and Eastern Europe,5.161,112.7863457,114.3933787,40.49537131,71.60215567,92.66517067,627000,2016,791.8333158
88,89,Dominican Republic,Latin America and Caribbean,5.155,107.5035713,103.8350425,140.0468274,88.65822149,90.12290634,10400000,2016,3224.903099
89,90,Morocco,Middle East and Northern Africa,5.151,87.91515654,107.0796062,68.72770118,16.88113181,61.21830786,35100000,2016,5924.525297
90,91,Hungary,Central and Eastern Europe,5.145,129.8384849,121.7305581,52.98084116,41.23444484,32.57594869,9750000,2016,3122.498999
91,92,Pakistan,Southern Asia,5.132,71.97374922,72.57235643,39.18491954,129.8885012,101.1078193,204000000,2016,14282.85686
92,93,Lebanon,Middle East and Northern Africa,5.129,117.4196245,137.1485377,70.28737996,98.68360621,22.29762498,6710000,2016,2590.366769
93,94,Portugal,Western Europe,5.123,133.4624828,142.8958449,119.8621185,48.69413077,11.07961045,10300000,2016,3209.361307
94,95,Macedonia,Central and Eastern Europe,5.121,106.6072463,116.5630231,74.14637901,97.90889846,51.33334311,2080000,2016,1442.22051
95,96,Vietnam,Southeastern Asia,5.061,77.43432445,119.117982,149.9489118,104.4397681,84.17881552,93600000,2016,9674.709298
97,98,Tunisia,Middle East and Northern Africa,5.045,102.2082462,107.2704629,63.11875325,16.39381564,59.51375241,11300000,2016,3361.547263
98,99,Greece,Western Europe,5.033,130.6166247,144.0950011,15.60214756,16.39381564,30.06282205,10600000,2016,3255.764119
99,100,Tajikistan,Central and Eastern Europe,4.996,51.07588414,95.64260906,116.3273825,108.2841512,98.40529759,8660000,2016,2942.787794
100,101,Mongolia,Eastern Asia,4.907,103.3890524,99.87386589,96.39994022,143.8582313,23.92933619,3060000,2016,1749.285568
101,102,Laos,Southeastern Asia,4.876,71.1642328,68.94427876,139.8029601,179.4281464,163.3386622,6850000,2016,2617.250466
102,103,Nigeria,Sub-Saharan Africa,4.875,78.66742504,9.197131857,74.64483306,96.70935097,22.21749631,186000000,2016,13638.1817
103,104,Honduras,Latin America and Caribbean,4.871,72.61487786,105.1206244,71.69966642,85.13455075,50.30623918,9270000,2016,3044.66747
104,105,Iran,Middle East and Northern Africa,4.813,116.8862222,115.6519525,60.41477405,160.514448,40.57424736,79600000,2016,8921.883209
105,106,Zambia,Sub-Saharan Africa,4.795,64.01036677,42.44400729,114.3282066,74.4135951,83.6179148,16400000,2016,4049.691346
106,107,Nepal,Southern Asia,4.793,46.67374641,90.15818,99.18699509,158.9400419,51.04925054,27300000,2016,5224.940191
107,108,Palestinian Territories,Middle East and Northern Africa,4.754,70.09951999,102.3496013,47.55144388,46.45747452,77.30960273,4640000,2016,2154.065923
108,109,Albania,Central and Eastern Europe,4.655,99.91357044,131.4516455,85.3964332,70.14020718,38.61473703,2890000,2016,1700
109,110,Bangladesh,Southern Asia,4.643,56.66301168,95.40853954,106.5994891,79.68660592,91.65992002,158000000,2016,12569.80509
110,111,Sierra Leone,Sub-Saharan Africa,4.635,38.15918159,95.40853954,82.231518,99.53328568,59.70314746,7330000,2016,2707.397274
111,112,Iraq,Middle East and Northern Africa,4.575,112.4056429,91.96411643,66.61061142,81.59005453,99.33041956,36600000,2016,6049.793385
112,113,Namibia,Sub-Saharan Africa,4.574,97.56764624,62.5595823,130.2787361,32.46691894,75.74345135,2360000,2016,1536.22915
113,114,Cameroon,Sub-Saharan Africa,4.513,54.90592178,22.86319113,114.5265163,94.46436453,44.62438767,23900000,2016,4888.762625
114,115,Ethiopia,Sub-Saharan Africa,4.508,30.62670452,62.25889298,98.35891821,122.9619475,125.0735776,104000000,2016,10198.03903
115,116,South Africa,Sub-Saharan Africa,4.459,107.1155473,33.50975352,113.8485116,56.8785433,61.29843654,56200000,2016,7496.665926
116,117,Sri Lanka,Southern Asia,4.415,101.7836161,111.6457625,136.1824686,195.6678535,58.01316085,21000000,2016,4582.575695
117,118,India,Southern Asia,4.404,77.43327856,81.18791554,107.9581783,104.2440086,63.53475502,1320000000,2016,36331.80425
118,119,Myanmar,Southeastern Asia,4.395,35.6772921,71.80532859,114.4086025,341.4170381,147.4586157,53000000,2016,7280.109889
119,120,Egypt,Middle East and Northern Africa,4.362,99.77237571,93.83667264,50.50732996,52.92170264,75.70702923,94400000,2016,9715.966241
120,121,Armenia,Central and Eastern Europe,4.36,90.03621506,115.3836728,37.61720118,32.45858875,26.34048087,2940000,2016,1714.64282
121,122,Kenya,Sub-Saharan Africa,4.356,54.6653678,54.2807232,108.7380177,172.1350643,48.70366568,49100000,2016,7007.139217
122,123,Ukraine,Central and Eastern Europe,4.324,91.29232516,105.5617554,34.46032557,84.8138384,13.32321336,44700000,2016,6685.80586
123,124,Ghana,Sub-Saharan Africa,4.276,66.00278122,53.44167397,109.8019223,88.31251857,23.74722556,28500000,2016,5338.539126
124,125,Congo (Kinshasa),Sub-Saharan Africa,4.272,5.920765438,33.8500546,41.81118279,106.0349997,44.25288199,78800000,2016,8876.936408
125,126,Georgia,Central and Eastern Europe,4.252,87.63695063,115.2972472,86.99095017,28.26433764,232.2274696,4020000,2016,2004.993766
126,127,Congo (Brazzaville),Sub-Saharan Africa,4.236,80.64728884,50.79668832,101.6685459,50.3018576,71.04499721,4980000,2016,2231.59136
127,128,Senegal,Sub-Saharan Africa,4.219,46.34742971,72.84423718,83.22574623,79.56581815,85.08936865,15000000,2016,3872.983346
128,129,Bulgaria,Central and Eastern Europe,4.217,116.4134813,122.087064,56.86395895,53.28406594,4.479921387,7150000,2016,2673.948391
129,130,Mauritania,Sub-Saharan Africa,4.201,64.20803939,51.56551669,33.98063054,94.48935511,130.7918512,4160000,2016,2039.607805
130,131,Zimbabwe,Sub-Saharan Africa,4.193,36.64892099,28.71853037,68.14617146,77.06676089,62.51493552,14000000,2016,3741.657387
131,132,Malawi,Sub-Saharan Africa,4.156,9.108628545,52.87090443,111.0266186,128.9846755,55.09939085,17200000,2016,4147.288271
132,133,Sudan,Sub-Saharan Africa,4.139,65.96303752,53.58211569,111.0266186,75.29243023,73.12834277,39800000,2016,6308.724118
133,134,Gabon,Sub-Saharan Africa,4.121,121.167037,62.91068659,75.29871901,26.00685591,67.84713463,2010000,2016,1417.744688
134,135,Mali,Sub-Saharan Africa,4.073,32.7278912,29.43334269,73.81407632,87.73357031,99.41054824,18000000,2016,4242.640687
135,136,Haiti,Latin America and Caribbean,4.028,35.6616038,49.50390432,32.35127539,199.749647,105.4493366,10800000,2016,3286.335345
136,137,Botswana,Sub-Saharan Africa,3.974,114.4472141,62.57218604,118.1523675,51.75131082,78.44597303,2160000,2016,1469.693846
137,138,Comoros,Sub-Saharan Africa,3.956,28.77130126,53.98183442,41.3020093,76.09629365,134.3029441,796000,2016,892.1883209
138,139,Ivory Coast,Sub-Saharan Africa,3.916,58.05404118,8.059193851,108.9711656,84.70971102,113.1271205,23800000,2016,4878.524367
139,140,Cambodia,Southeastern Asia,3.907,58.15549221,76.51192661,157.7151474,168.0157849,58.94556726,15800000,2016,3974.921383
140,141,Angola,Sub-Saharan Africa,3.866,88.61903838,8.986469283,1.578437807,50.27686703,61.43684061,28800000,2016,5366.563146
141,142,Niger,Sub-Saharan Africa,3.856,13.87891845,47.10559194,101.9445715,87.34205133,125.1172841,20800000,2016,4560.7017
142,143,South Sudan,Sub-Saharan Africa,3.832,41.20166643,28.41423998,52.69141623,107.8718067,94.80679163,10800000,2016,3286.335345
143,144,Chad,Sub-Saharan Africa,3.763,44.15106733,6.885245149,34.32097282,77.74983654,36.0724727,14600000,2016,3820.994635
144,145,Burkina Faso,Sub-Saharan Africa,3.739,33.46314965,38.34599005,89.42694332,101.4325692,91.29569877,18600000,2016,4312.771731
145,145,Uganda,Sub-Saharan Africa,3.739,36.31214542,35.33549583,116.9839484,112.8824166,46.92626597,39600000,2016,6292.853089
146,147,Yemen,Middle East and Northern Africa,3.724,60.59763799,55.90300507,61.28840856,40.9054023,42.91983221,27200000,2016,5215.361924
147,148,Madagascar,Sub-Saharan Africa,3.695,29.2367209,66.81604661,36.67121044,91.79870345,54.67689419,24900000,2016,4989.98998
148,149,Tanzania,Sub-Saharan Africa,3.666,49.31879424,64.27909305,85.11236799,131.0838836,37.14328317,53000000,2016,7280.109889
149,150,Liberia,Sub-Saharan Africa,3.622,11.19726458,41.70938909,69.00104694,100.2246915,35.34403019,4590000,2016,2142.428529
150,151,Guinea,Sub-Saharan Africa,3.607,23.44355366,33.90227011,82.9497206,124.5946649,86.83034623,11700000,2016,3420.526275
151,152,Rwanda,Sub-Saharan Africa,3.515,34.35319936,57.37404202,145.5700198,98.09632776,368.0164364,11700000,2016,3420.526275
152,153,Benin,Sub-Saharan Africa,3.484,41.31148455,37.86164618,106.5164134,84.05162594,48.66724355,10900000,2016,3301.514804
153,154,Afghanistan,Southern Asia,3.36,39.98111648,31.22847591,44.03010724,130.2342042,51.80683074,35400000,2016,5949.789912
154,155,Togo,Sub-Saharan Africa,3.303,29.41347578,44.6730694,92.93220079,72.95997679,84.4046327,7510000,2016,2740.437921
155,156,Syria,Middle East and Northern Africa,3.069,78.14761928,113.4228904,18.52319545,201.5781239,125.5324964,17500000,2016,4183.300133
156,157,Burundi,Sub-Saharan Africa,2.905,7.144453048,28.3530218,11.57699716,84.50978644,68.61199926,10500000,2016,3240.370349
,1,Norway,Western Europe,7.537000179,164.1231413,145.1296514,154.3923716,147.3010876,254.8425501,5300000,2017,2302.172887
1,2,Denmark,Western Europe,7.521999836,150.5096801,144.3825715,152.1045434,144.5619706,323.243533,5730000,2017,2393.741841
2,3,Iceland,Western Europe,7.504000187,150.3319994,151.849147,152.3854024,193.4950935,123.8277792,334000,2017,577.9273311
3,4,Switzerland,Western Europe,7.493999958,158.8958925,156.3267621,150.6622031,118.2231435,296.0119554,8460000,2017,2908.607914
4,5,Finland,Western Europe,7.468999863,146.5691031,147.4051816,150.1471622,99.88579297,308.5976642,5510000,2017,2347.338919
5,6,Netherlands,Western Europe,7.376999855,152.6988801,147.6854438,142.2343197,191.440113,227.9826124,17000000,2017,4123.105626
6,7,Canada,North America,7.315999985,150.18695,152.0323256,148.4827908,177.2190777,231.7812421,36700000,2017,6058.052492
7,8,New Zealand,Australia and New Zealand,7.31400013,142.7244955,148.7900532,149.2022955,203.4497491,308.7631366,4700000,2017,2167.948339
8,9,Sweden,Western Europe,7.28399992,151.7284992,151.3614814,148.9257813,156.8171547,310.0391296,9900000,2017,3146.426545
9,10,Australia,Australia and New Zealand,7.28399992,150.7159857,153.7318258,146.1760919,194.3735924,242.9215673,24600000,2017,4959.838707
10,11,Israel,Middle East and Northern Africa,7.212999821,139.6456697,152.7330191,98.64544422,134.3090897,68.75253362,8240000,2017,2870.540019
11,12,Costa Rica,Latin America and Caribbean,7.078999996,112.6709738,138.3606748,140.9580067,87.32511996,80.74157787,4950000,2017,2224.859546
12,13,Austria,Western Europe,7.006000042,150.9883285,148.5293141,137.9534979,128.7711088,178.2975806,8820000,2017,2969.848481
13,14,United States,North America,6.993000031,156.9951815,141.0526839,122.8827561,159.7384712,109.4002887,325000000,2017,18027.75638
14,15,Ireland,Western Europe,6.977000237,155.9237478,147.5190303,139.2519981,174.0935521,240.6667777,4750000,2017,2179.449472
15,16,Germany,Western Europe,6.951000214,151.0722064,145.545772,136.6767069,136.8263538,223.1998257,82700000,2017,9093.954036
16,17,Belgium,Western Europe,6.890999794,148.6209516,149.032735,131.1512742,94.19762621,202.7223292,11400000,2017,3376.388603
17,18,Luxembourg,Western Europe,6.862999916,176.8634498,153.9509235,144.9661956,115.2250182,257.1578415,592000,2017,769.4153625
18,19,United Kingdom,Western Europe,6.714000225,146.3723351,146.7089725,123.4779286,200.5075023,214.0826192,66700000,2017,8167.006796
19,20,Chile,Latin America and Caribbean,6.65199995,127.198038,149.2855584,91.57646752,132.9174126,66.36987184,18500000,2017,4301.162634
20,21,United Arab Emirates,Middle East and Northern Africa,6.647999763,165.1262988,132.4016691,147.8132363,146.8655913,261.7190288,9490000,2017,3080.58436
21,22,Brazil,Latin America and Caribbean,6.635000229,112.4320611,112.3180499,106.2907155,66.05941343,89.60254136,208000000,2017,14422.2051
22,23,Czech Republic,Central and Eastern Europe,6.609000206,137.3408804,137.4379302,119.2880858,35.85022845,29.74008334,10600000,2017,3255.764119
23,24,Argentina,Latin America and Caribbean,6.598999977,120.3457132,126.6339205,120.156246,44.53756648,48.18356933,43900000,2017,6625.707509
24,25,Mexico,Latin America and Caribbean,6.578000069,117.0853457,129.3376891,100.283443,49.23044169,107.0897687,125000000,2017,11180.33989
25,26,Singapore,Southeastern Asia,6.572000027,171.8207565,172.9701196,133.5980043,140.7719411,374.4902645,5710000,2017,2389.560629
26,27,Malta,Western Europe,6.52699995,136.3862221,149.7345252,143.0562011,233.8551852,123.4563677,438000,2017,661.8156843
27,28,Uruguay,Latin America and Caribbean,6.453999996,123.6215733,131.0205544,140.7783513,71.24612217,143.6168851,3440000,2017,1854.723699
28,29,Guatemala,Latin America and Caribbean,6.453999996,88.53631807,98.41613913,129.0956727,115.3501022,62.28490444,16900000,2017,4110.960958
29,30,Panama,Latin America and Caribbean,6.452000141,125.2652525,128.6412737,133.6432621,85.6746346,57.25251508,4110000,2017,2027.313493
30,31,France,Western Europe,6.441999912,145.2848762,153.8373137,114.2526392,52.79967623,139.1328814,64800000,2017,8049.844719
31,32,Thailand,Southeastern Asia,6.423999786,114.5150521,117.908277,140.9747919,232.7942199,25.49744365,69200000,2017,8318.653737
33,34,Spain,Western Europe,6.402999878,140.5610277,161.942973,99.32398518,77.36446176,57.19619582,46600000,2017,6826.419266
34,35,Qatar,Middle East and Northern Africa,6.375,189.9430461,129.3593839,146.7892662,134.4682733,354.3194832,2720000,2017,1649.24225
35,36,Colombia,Latin America and Caribbean,6.356999874,108.7026917,108.3969199,116.0179319,60.63329267,37.64095724,48900000,2017,6992.853495
36,37,Saudi Arabia,Middle East and Northern Africa,6.343999863,155.4076508,107.5079987,109.2785477,60.06426621,220.5384461,33100000,2017,5753.259945
37,38,Trinidad and Tobago,Latin America and Caribbean,6.168000221,138.2215253,94.72595318,126.0147688,132.36161,7.23062689,1380000,2017,1174.734012
38,39,Kuwait,Middle East and Northern Africa,6.105000019,165.7973337,115.1514225,120.5980706,92.89005192,173.5382423,4060000,2017,2014.944168
39,40,Slovakia,Central and Eastern Europe,6.09800005,134.5701877,129.8393726,71.87651311,55.55931118,19.52740946,5450000,2017,2334.523506
40,41,Bahrain,Middle East and Northern Africa,6.086999893,151.1218432,118.9819947,130.4165629,70.25800037,207.3189233,1490000,2017,1220.655562
41,42,Malaysia,Southeastern Asia,6.084000111,131.1000046,112.7246696,97.74069399,169.5162266,52.91064964,31100000,2017,5576.737397
42,43,Nicaragua,Latin America and Caribbean,6.071000099,74.85964581,118.9752409,108.7443103,122.7498291,105.4071856,6380000,2017,2525.866188
43,44,Ecuador,Latin America and Caribbean,6.007999897,101.6155452,124.9031377,110.6021895,61.08006051,113.0264512,16800000,2017,4098.780306
44,45,El Salvador,Latin America and Caribbean,6.002999783,92.3724653,108.577384,105.0755403,31.84280855,72.5746898,6390000,2017,2527.844932
45,46,Poland,Central and Eastern Europe,5.97300005,131.158126,127.4242271,126.4305901,64.47906125,47.83507136,38000000,2017,6164.414003
46,47,Uzbekistan,Central and Eastern Europe,5.971000195,79.84913176,90.77089659,159.9385578,169.261802,198.838836,32000000,2017,5656.854249
47,48,Italy,Western Europe,5.964000225,141.6442503,155.4182852,62.31134134,70.30730036,22.60622739,60700000,2017,7791.020472
48,49,Russia,Central and Eastern Europe,5.962999821,130.141812,99.71125649,90.82028593,21.2659051,26.58641193,146000000,2017,12083.04597
49,50,Belize,Latin America and Caribbean,5.955999851,92.18877521,82.01195084,133.0315795,97.66124262,77.89805001,376000,2017,613.1883887
50,51,Japan,Eastern Asia,5.920000076,143.8625837,166.4089481,122.8548194,49.0604959,132.0822169,128000000,2017,11313.7085
51,52,Lithuania,Central and Eastern Europe,5.90199995,133.4725013,114.5765326,56.9126775,4.1359513,9.570306323,2850000,2017,1688.194302
52,53,Algeria,Middle East and Northern Africa,5.872000217,110.8594541,112.5061039,56.69497668,28.25344717,117.8347053,41400000,2017,6434.283177
53,54,Latvia,Central and Eastern Europe,5.849999905,128.0066424,116.3284782,79.13917141,62.2854151,59.55829975,1950000,2017,1396.424004
54,55,South Korea,Eastern Asia,5.837999821,142.3155637,163.9930317,62.66874752,84.09483417,51.04102077,51100000,2017,7148.4264
55,56,Moldova,Central and Eastern Europe,5.837999821,74.00387378,107.3835524,58.49135601,84.95125086,8.139188147,4060000,2017,2014.944168
56,57,Romania,Central and Eastern Europe,5.824999809,123.6341852,124.8160763,111.0408932,54.32863055,3.539087964,19700000,2017,4438.468204
57,58,Bolivia,Latin America and Caribbean,5.822999954,84.65317866,86.28176628,135.7586328,91.7796048,48.77867742,11200000,2017,3346.640106
58,59,Turkmenistan,Central and Eastern Europe,5.822000027,114.810307,79.74106258,101.6299962,101.6933095,209.1160679,5760000,2017,2400
59,60,Kazakhstan,Central and Eastern Europe,5.818999767,130.4238861,110.403285,106.2908458,82.17837992,96.20833661,18100000,2017,4254.409477
61,62,Slovenia,Central and Eastern Europe,5.757999897,136.175656,144.0660862,139.1221191,98.7327821,36.39905198,2080000,2017,1442.22051
62,63,Peru,Latin America and Caribbean,5.715000153,105.1087493,114.7980843,109.3398521,51.60234934,37.94772656,31400000,2017,5603.57029
63,64,Mauritius,Sub-Saharan Africa,5.629000187,120.762004,116.2265518,119.3612586,146.8622565,34.02178957,1260000,2017,1122.497216
64,65,Cyprus,Western Europe,5.620999813,137.6714415,153.8826469,86.28354397,110.3721075,33.26074037,1180000,2017,1086.278049
65,66,Estonia,Central and Eastern Europe,5.611000061,134.1118491,126.6396103,116.4173879,40.23820894,147.8005314,1320000,2017,1148.912529
66,67,Belarus,Central and Eastern Europe,5.568999767,117.4278893,116.1731401,71.7751429,63.12472746,126.0758624,9450000,2017,3074.08523
67,68,Libya,Middle East and Northern Africa,5.525000095,111.8685423,94.75978748,113.1619482,61.8780642,74.69532759,6580000,2017,2565.151068
68,69,Turkey,Middle East and Northern Africa,5.5,121.6634912,116.1533455,73.07271625,18.99918055,80.39071823,81100000,2017,9005.553842
69,70,Paraguay,Latin America and Caribbean,5.493000031,94.68261041,105.5227638,115.0509793,91.20585509,73.44976568,6870000,2017,2621.068484
71,72,Philippines,Southeastern Asia,5.429999828,87.08412968,85.25774677,142.1930591,78.73970757,80.11674173,105000000,2017,10246.95077
72,73,Serbia,Central and Eastern Europe,5.394999981,108.5702179,118.5541907,50.7128422,89.56819343,32.99119273,8830000,2017,2971.531592
73,74,Jordan,Middle East and Northern Africa,5.335999966,100.6197165,110.138865,101.6662531,70.05535567,96.62805694,9790000,2017,3128.897569
74,75,Hungary,Central and Eastern Europe,5.323999882,130.571683,125.2906577,42.73059594,31.90127005,29.54974442,9730000,2017,3119.294792
75,76,Jamaica,Latin America and Caribbean,5.31099987,93.97614824,116.7757836,115.2452257,95.13958877,44.57656451,2920000,2017,1708.800749
76,77,Croatia,Central and Eastern Europe,5.293000221,124.128883,127.754535,62.14650162,100.911252,34.76507524,4180000,2017,2044.50483
78,79,China,Eastern Asia,5.272999763,109.7731935,135.0645129,114.8760163,11.72136898,18.38486066,1420000000,2017,37682.88736
79,80,Pakistan,Southern Asia,5.269000053,73.80211909,73.24150621,57.15163861,128.353511,100.2936886,208000000,2017,14422.2051
80,81,Indonesia,Southeastern Asia,5.262000084,101.0792715,89.69118513,107.7169151,248.8997382,12.35412868,265000000,2017,16278.8206
81,82,Venezuela,Latin America and Caribbean,5.25,114.5721568,112.4258723,37.41758879,26.45618355,52.01570698,29400000,2017,5422.176685
82,83,Montenegro,Central and Eastern Europe,5.236999989,113.8307516,121.5928058,47.37764018,80.52907082,71.11743188,628000,2017,792.4645102
83,84,Morocco,Middle East and Northern Africa,5.235000134,89.15694765,108.8856388,99.17263589,13.10608023,70.78592823,35600000,2017,5966.573556
84,85,Azerbaijan,Central and Eastern Europe,5.234000206,117.1277809,98.51374391,96.742271,18.419883,145.9765733,9850000,2017,3138.470965
85,86,Dominican Republic,Latin America and Caribbean,5.230000019,109.5912523,104.7254102,134.2660092,76.07634431,91.90323614,10500000,2017,3240.370349
86,87,Greece,Western Europe,5.227000237,130.9245631,147.5948643,23.26038634,76.07634431,34.91563252,10600000,2017,3255.764119
87,88,Lebanon,Middle East and Northern Africa,5.224999905,109.1459008,133.9105636,70.10242957,107.6037779,30.25700728,6820000,2017,2611.512971
88,89,Portugal,Western Europe,5.195000172,133.5327046,144.9797316,121.1150521,38.69684928,12.79960266,10300000,2017,3209.361307
89,90,Bosnia and Herzegovina,Central and Eastern Europe,5.18200016,99.74623689,128.4645992,49.66504477,133.8146469,12.79960266,3350000,2017,1830.300522
90,91,Honduras,Latin America and Caribbean,5.181000233,74.17673116,106.127351,84.57501544,96.10414892,59.1572203,9430000,2017,3070.830507
91,92,Macedonia,Central and Eastern Europe,5.175000191,108.0889914,117.4909512,79.18729673,103.2541502,48.61742056,2080000,2017,1442.22051
92,93,Somalia,Sub-Saharan Africa,5.151000023,2.299013409,20.76553197,146.3023358,118.6634177,227.7797621,14600000,2017,3820.994635
93,94,Vietnam,Southeastern Asia,5.073999882,80.0630082,118.8063735,138.7527431,95.60740202,70.68111984,94600000,2017,9726.253133
94,95,Nigeria,Sub-Saharan Africa,5.073999882,79.57653477,10.36840392,95.96395292,93.97133498,21.06850779,191000000,2017,13820.27496
95,96,Tajikistan,Central and Eastern Europe,5.040999889,53.2753551,96.41137021,114.5793425,101.3159776,118.0613765,8880000,2017,2979.932885
96,97,Bhutan,Southern Asia,5.011000156,89.89831658,90.33489999,121.8615666,192.8905791,139.8410066,746000,2017,863.7129153
98,99,Nepal,Southern Asia,4.961999893,48.71722284,91.83808307,106.9837317,160.3558882,58.85887002,27600000,2017,5253.570215
99,100,Mongolia,Eastern Asia,4.954999924,104.2975669,101.6120577,95.76748344,137.7195136,26.53754121,3110000,2017,1763.519209
100,101,South Africa,Sub-Saharan Africa,4.828999996,107.0859308,34.08059119,116.4454043,56.70590111,58.4829756,57000000,2017,7549.834435
101,102,Tunisia,Middle East and Northern Africa,4.804999828,102.2699619,111.7095429,70.38542471,20.21999482,69.94708249,11400000,2017,3376.388603
102,103,Palestinian Territories,Middle East and Northern Africa,4.775000095,72.72239439,103.048202,61.88864809,46.4565309,72.01142506,4750000,2017,2179.449472
103,104,Egypt,Middle East and Northern Africa,4.735000134,100.4866496,94.7631101,68.5459672,52.33953295,92.25498515,96400000,2017,9818.350167
104,105,Bulgaria,Central and Eastern Europe,4.714000225,117.9255525,129.0168279,70.27633534,46.05147494,8.913679422,7100000,2017,2664.582519
105,106,Sierra Leone,Sub-Saharan Africa,4.709000111,37.4066052,1.013737606,77.43585658,119.2369733,57.34224611,7490000,2017,2736.786437
106,107,Cameroon,Sub-Saharan Africa,4.695000172,57.29519242,24.2091095,104.5740912,96.14873779,41.38167524,24600000,2017,4959.838707
107,108,Iran,Middle East and Northern Africa,4.691999912,117.4599275,116.4680609,60.57938376,157.5673317,39.32854004,80700000,2017,8983.317873
108,109,Albania,Central and Eastern Europe,4.644000053,101.1456899,133.1962104,92.69497209,81.91329625,32.15272558,2880000,2017,1697.056275
109,110,Bangladesh,Southern Asia,4.607999802,59.5672415,97.14113125,116.2291373,70.0898978,99.78539103,160000000,2017,12649.11064
110,111,Namibia,Sub-Saharan Africa,4.573999882,97.92118539,61.68530241,126.4212199,31.38536036,75.12825639,2400000,2017,1549.193338
111,112,Kenya,Sub-Saharan Africa,4.552999973,56.9067399,56.47093353,110.0106811,181.0115809,52.13684869,50200000,2017,7085.195834
112,113,Mozambique,Sub-Saharan Africa,4.550000191,23.78957943,19.42936094,116.8206457,131.1131096,144.7255068,28600000,2017,5347.896783
113,114,Myanmar,Southeastern Asia,4.545000076,37.27355954,72.4171427,125.0091625,341.0088665,152.2908569,53400000,2017,7307.530363
114,115,Senegal,Sub-Saharan Africa,4.534999847,48.66532266,74.5741008,91.82600086,74.65263524,93.12532569,15400000,2017,3924.283374
115,116,Zambia,Sub-Saharan Africa,4.513999939,64.61581111,46.97026096,112.1585216,101.5529946,63.08361399,16900000,2017,4110.960958
116,117,Iraq,Middle East and Northern Africa,4.497000217,111.9606748,91.30062158,70.11203871,81.23146978,86.47551824,37600000,2017,6131.883887
117,118,Gabon,Sub-Saharan Africa,4.465000153,121.6569795,64.95833082,75.88831542,17.81606583,61.33599817,2060000,2017,1435.270009
118,119,Ethiopia,Sub-Saharan Africa,4.460000038,34.44317502,64.38105214,99.33893111,127.2161251,133.4493111,106000000,2017,10295.63014
119,120,Sri Lanka,Southern Asia,4.440000057,102.5323556,113.8808014,136.3612927,199.7300893,59.40605385,21100000,2017,4593.473631
120,121,Armenia,Central and Eastern Europe,4.375999928,91.43961157,116.1385566,48.18291379,33.97091441,21.5144167,2940000,2017,1714.64282
121,122,India,Southern Asia,4.315000057,80.43600445,82.96577179,114.195513,94.21192933,74.38615455,1340000000,2017,36606.01044
122,123,Mauritania,Sub-Saharan Africa,4.291999817,65.83932643,51.98240586,23.34950798,82.13996946,110.4635041,4280000,2017,2068.816087
123,124,Congo (Brazzaville),Sub-Saharan Africa,4.290999889,82.13595932,52.82187861,105.7008001,49.17416598,64.21648931,5110000,2017,2260.530911
124,125,Georgia,Central and Eastern Europe,4.285999775,96.51784103,118.3287192,75.17918021,21.97593461,202.9832535,4010000,2017,2002.498439
125,126,Congo (Kinshasa),Sub-Saharan Africa,4.28000021,9.351358545,34.86883746,57.33291958,100.2817268,48.58803202,81400000,2017,9022.194855
126,127,Mali,Sub-Saharan Africa,4.190000057,48.34767612,30.85353931,74.49974859,74.60596669,84.66439001,18500000,2017,4301.162634
127,128,Ivory Coast,Sub-Saharan Africa,4.179999828,61.22891273,8.861199893,108.7818127,81.88258608,104.9021151,24400000,2017,4939.635614
128,129,Cambodia,Southeastern Asia,4.168000221,61.09856314,78.29413608,153.8950574,157.0302523,54.93126846,16000000,2017,4000
129,130,Sudan,Sub-Saharan Africa,4.138999939,66.96221252,52.99738045,3.643631352,74.18411866,72.46706304,40800000,2017,6387.487769
130,131,Ghana,Sub-Saharan Africa,4.119999886,67.74483652,53.85666408,102.7851921,104.5411521,20.43520303,29100000,2017,5394.441584
131,132,Ukraine,Central and Eastern Europe,4.096000195,90.83602384,104.9130841,29.87990615,109.8867473,18.57455958,44500000,2017,6670.832032
132,133,Uganda,Sub-Saharan Africa,4.080999851,38.72751808,39.64638179,107.683504,132.5526861,46.02992841,41200000,2017,6418.722614
133,134,Burkina Faso,Sub-Saharan Africa,4.032000065,35.55940716,39.32059639,78.81356879,102.0756678,97.05136483,19200000,2017,4381.78046
134,135,Niger,Sub-Saharan Africa,4.027999878,16.44064288,48.91386538,88.3602971,93.0463191,111.7668515,21600000,2017,4647.580015
135,136,Malawi,Sub-Saharan Africa,3.970000029,23.70189499,57.40023113,113.4490057,116.8483221,58.64602624,17700000,2017,4207.136794
136,137,Chad,Sub-Saharan Africa,3.936000109,44.47244338,7.493558269,39.4451992,87.93571581,43.21679263,15000000,2017,3872.983346
137,138,Zimbabwe,Sub-Saharan Africa,3.875,38.1605437,35.84467893,81.73325364,76.9616037,76.92559325,14200000,2017,3768.288736
138,139,Lesotho,Sub-Saharan Africa,3.808000088,52.90045859,35.84467893,94.92127868,64.08490391,96.05650536,2090000,2017,1445.683229
139,140,Angola,Sub-Saharan Africa,3.795000076,87.15814311,9.084632068,94.92127868,39.84583115,56.23335997,29800000,2017,5458.937626
140,141,Afghanistan,Southern Asia,3.79399991,40.76288454,32.9268482,25.79906398,126.898825,49.32721935,36300000,2017,6024.948133
141,142,Botswana,Sub-Saharan Africa,3.766000032,113.9287423,62.25799348,122.750531,40.4244193,79.51287808,2210000,2017,1486.606875
142,143,Benin,Sub-Saharan Africa,3.657000065,43.76907064,38.2432276,103.4986866,84.61325706,49.14266739,11200000,2017,3346.640106
143,144,Madagascar,Sub-Saharan Africa,3.644000053,31.04944416,68.35486092,45.97025334,84.9322912,54.22635825,25600000,2017,5059.644256
144,145,Haiti,Latin America and Caribbean,3.602999926,37.42582872,50.51990863,7.379143254,199.0547323,80.55248889,11000000,2017,3316.62479
145,146,Yemen,Middle East and Northern Africa,3.592999935,60.07495067,56.48779639,60.61367106,42.368061,45.78610962,27800000,2017,5272.570531
146,147,South Sudan,Sub-Saharan Africa,3.59100008,40.33354609,29.78243301,35.73262689,116.2381204,94.20051763,10900000,2017,3301.514804
147,148,Liberia,Sub-Saharan Africa,3.532999992,12.08658089,41.88446186,80.88210311,108.4579027,31.41394689,4700000,2017,2167.948339
148,149,Guinea,Sub-Saharan Africa,3.506999969,24.82970422,35.36472815,84.69836282,107.7520234,89.47740948,12100000,2017,3478.505426
149,150,Togo,Sub-Saharan Africa,3.494999886,31.01248888,45.01550512,92.43438138,80.11612358,77.1591992,7700000,2017,2774.887385
150,151,Rwanda,Sub-Saharan Africa,3.470999956,37.43959958,59.46518189,141.3740307,102.8452472,367.1604675,12000000,2017,3464.101615
151,152,Syria,Middle East and Northern Africa,3.461999893,78.90610498,91.18273359,19.81211951,200.869464,122.0699475,17100000,2017,4135.214626
152,153,Tanzania,Sub-Saharan Africa,3.348999977,51.89677468,66.40307482,94.76491845,144.1452581,53.26101651,54700000,2017,7395.944835
153,154,Burundi,Sub-Saharan Africa,2.904999971,9.302645389,27.61911197,14.5544391,83.18372124,67.87003625,10800000,2017,3286.335345
154,155,Central African Republic,Sub-Saharan Africa,2.693000078,9.302645389,3.419841742,65.80808832,114.2873302,45.62290575,4600000,2017,2144.761059
,1,Finland,Western Europe,7.632,147.385461,146.5508568,148.7137679,111.812244,345.8158625,5520000,2018,2349.468025
1,2,Norway,Western Europe,7.594,164.4392576,144.3710386,149.8056457,158.3084247,299.1791177,5340000,2018,2310.844002
2,3,Denmark,Western Europe,7.555,152.5806573,145.5447869,149.150519,157.2013727,359.0149412,5750000,2018,2397.915762
3,4,Iceland,Western Europe,7.495,151.6771449,153.2579899,147.8402655,195.394664,121.4315242,337000,2018,580.5170109
4,5,Switzerland,Western Europe,7.487,160.3734518,155.4378081,144.1278807,141.7026459,314.1380736,8530000,2018,2920.616373
5,6,Netherlands,Western Europe,7.441,153.7100478,147.2215701,139.323618,184.3241448,259.5818815,17100000,2018,4135.214626
6,7,Canada,North America,7.328,150.2089372,150.23978,142.5992517,177.6818333,256.0621272,37100000,2018,6090.976933
7,8,New Zealand,Australia and New Zealand,7.324,143.2067161,146.8862135,146.0932609,202.0369755,342.2961082,4740000,2018,2177.154106
8,9,Sweden,Western Europe,7.314,153.0324135,153.0903115,143.9095052,157.7548987,337.0164767,9970000,2018,3157.530681
9,10,Australia,Australia and New Zealand,7.272,151.3383277,152.5872766,141.2889982,199.8228717,265.7414516,24900000,2018,4989.98998
10,11,United Kingdom,Western Europe,7.19,140.4961789,148.8983534,101.3262677,145.0238016,72.15496368,67100000,2018,8191.458967
11,12,Austria,Western Europe,7.139,151.4512668,149.4013884,134.7377309,133.9532824,197.1062422,8890000,2018,2981.610303
12,13,Costa Rica,Latin America and Caribbean,7.072,114.0684411,136.9931923,138.0133646,79.15421233,88.87379673,5000000,2018,2236.067977
13,14,Ireland,Western Europe,6.977,163.5357452,146.8862135,134.0826042,169.9324698,269.2612059,4820000,2018,2195.44984
14,15,Germany,Western Europe,6.965,151.3383277,144.3710386,127.968088,151.1125872,246.3828028,83100000,2018,9115.92014
15,16,Belgium,Western Europe,6.927,149.5313029,149.9044234,127.3129613,104.0628805,211.1852596,11500000,2018,3391.164992
16,17,Luxembourg,Western Europe,6.91,177.9919437,150.23978,138.0133646,108.4910882,282.4602847,604000,2018,777.1743691
17,18,United States,North America,6.886,157.8887927,137.3285489,119.4514406,161.0760545,117.0318313,327000000,2018,18083.14132
18,19,Israel,Middle East and Northern Africa,6.814,146.9337048,148.0599618,116.3941825,195.94819,239.3432942,8380000,2018,2894.822965
20,21,Czech Republic,Central and Eastern Europe,6.711,139.2538493,143.1972903,118.5779382,35.42566146,29.91791177,10700000,2018,3271.085447
21,22,Malta,Western Europe,6.627,143.4325942,148.2276401,140.8522471,208.1257611,124.9512786,439000,2018,662.5707509
22,23,France,Western Europe,6.489,146.0301924,152.2519199,113.5553,54.24554412,154.8691903,65000000,2018,8062.257748
23,24,Mexico,Latin America and Caribbean,6.488,117.2307345,127.603206,104.6019013,38.19329127,83.59416524,126000000,2018,11224.97216
24,25,Chile,Latin America and Caribbean,6.476,127.7340662,135.4840873,94.11987363,109.0446142,53.67625347,18700000,2018,4324.349662
26,27,Panama,Latin America and Caribbean,6.43,125.5882242,127.2678494,130.3702194,69.19074505,55.43613063,4180000,2018,2044.50483
27,28,Brazil,Latin America and Caribbean,6.419,111.3579039,113.18287,107.6591594,60.88785564,77.43459517,209000000,2018,14456.83229
28,29,Argentina,Latin America and Caribbean,6.388,121.1836012,124.7526745,124.4740788,34.31860954,47.5166834,44400000,2018,6663.3325
29,30,Guatemala,Latin America and Caribbean,6.382,88.20539849,101.9484221,131.8988484,99.08114691,62.47563928,17200000,2018,4147.288271
30,31,Uruguay,Latin America and Caribbean,6.379,123.4423823,129.2799893,136.4847355,71.95837485,136.3904801,3450000,2018,1857.417562
31,32,Qatar,Middle East and Northern Africa,6.374,186.2364944,125.4233878,142.8176273,141.7026459,150.4694974,2780000,2018,1667.3332
32,33,Saudi Arabia,Middle East and Northern Africa,6.371,155.7429507,106.1403803,111.1531686,54.24554412,111.7521998,33700000,2018,5805.170109
33,34,Singapore,Southeastern Asia,6.343,172.6838083,169.0197525,137.794989,144.4702757,402.1319317,5760000,2018,2400
34,35,Malaysia,Southeastern Asia,6.322,131.1222377,112.1768,77.74170537,172.1465737,51.91637631,31500000,2018,5612.48608
35,36,Spain,Western Europe,6.31,141.2867522,161.8095845,98.05063402,78.60068637,65.11545503,46700000,2018,6833.739825
36,37,Colombia,Latin America and Caribbean,6.26,108.4214885,106.4757369,115.9574313,54.79907008,34.31760468,49700000,2018,7049.822693
37,38,Trinidad and Tobago,Latin America and Caribbean,6.192,138.1244588,94.57057581,125.5659567,94.65293922,16.71883305,1390000,2018,1178.982612
38,39,Slovakia,Central and Eastern Europe,6.173,136.6562512,130.1183809,77.30495421,65.31606332,12.31914014,5450000,2018,2334.523506
39,40,El Salvador,Latin America and Caribbean,6.167,91.02887475,107.1464502,100.6711409,35.97918742,72.15496368,6420000,2018,2533.771892
40,41,Nicaragua,Latin America and Caribbean,6.141,75.44328577,117.3748281,115.083929,115.1333998,112.6321384,6470000,2018,2543.619468
41,42,Poland,Central and Eastern Europe,6.123,132.8163235,130.9567725,119.233065,59.78080372,56.31606921,37900000,2018,6156.297589
42,43,Bahrain,Middle East and Northern Africa,6.105,151.1124496,117.0394715,129.7150927,134.5068084,108.2324455,1570000,2018,1252.996409
43,44,Uzbekistan,Central and Eastern Europe,6.096,81.20317735,101.4453872,158.1039177,181.556515,227.9040926,32500000,2018,5700.877125
44,45,Kuwait,Middle East and Northern Africa,6.083,166.4721605,113.18287,120.9800696,92.43883538,93.27348964,4140000,2018,2034.698995
45,46,Thailand,Southeastern Asia,6.072,114.7460754,118.5485764,139.1052425,201.4834496,25.51821886,69400000,2018,8330.66624
46,47,Italy,Western Europe,6,142.7549599,158.6236963,61.3635371,75.83305657,24.63828028,60600000,2018,7784.600182
47,48,Ecuador,Latin America and Caribbean,5.973,100.4028159,123.4112479,121.4168207,63.10195948,105.5926298,17100000,2018,4135.214626
48,49,Belize,Latin America and Caribbean,5.956,91.1418138,79.47952648,129.4967171,101.2952507,78.31453375,383000,2018,618.8699379
49,50,Lithuania,Central and Eastern Europe,5.952,135.1880435,120.0576813,76.43145191,14.39167497,5.279631489,2800000,2018,1673.320053
50,51,Slovenia,Central and Eastern Europe,5.948,137.6727026,143.532647,138.2317402,88.56415366,44.87686765,2080000,2018,1442.22051
51,52,Romania,Central and Eastern Europe,5.945,126.0399804,121.7344646,115.3023046,48.71028451,0.8799385815,19500000,2018,4415.880433
52,53,Latvia,Central and Eastern Europe,5.933,129.65403,112.5121567,79.27033441,50.92438835,58.07594638,1930000,2018,1389.244399
53,54,Japan,Eastern Asia,5.915,146.1431314,165.666186,120.761694,43.72855087,131.9907872,127000000,2018,11269.42767
54,55,Mauritius,Sub-Saharan Africa,5.891,123.1035651,114.6919749,127.5313369,135.6138603,43.99692907,1270000,2018,1126.942767
55,56,Jamaica,Latin America and Caribbean,5.89,92.49708241,116.2010798,125.5659567,53.1384922,27.27809603,2930000,2018,1711.724277
56,57,South Korea,Eastern Asia,5.875,142.980838,160.1328012,53.28364076,96.86704306,44.87686765,51200000,2018,7155.417528
57,58,Cyprus,Western Europe,5.835,138.8020931,152.4195982,108.0959106,99.08114691,135.5105415,1190000,2018,1090.871211
58,59,Russia,Central and Eastern Europe,5.81,129.9928472,100.4393172,87.13185517,35.97918742,21.99846454,146000000,2018,12083.04597
59,60,Kazakhstan,Central and Eastern Europe,5.79,129.0893348,105.8050236,99.1425119,81.92184213,106.4725684,18300000,2018,4277.849927
60,61,Cyprus,Western Europe,5.762,138.8020931,152.4195982,92.37286902,111.812244,30.79785035,1190000,2018,1090.871211
61,62,Bolivia,Latin America and Caribbean,5.752,84.81722697,85.18058956,132.3355996,78.04716041,47.5166834,11400000,2018,3376.388603
62,63,Estonia,Central and Eastern Europe,5.739,135.5268607,123.5789262,120.761694,47.60323259,153.1093132,1320000,2018,1148.912529
63,64,Paraguay,Latin America and Caribbean,5.681,94.30410722,103.1221704,118.1411871,89.67120558,65.11545503,6960000,2018,2638.181192
64,65,Peru,Latin America and Caribbean,5.663,105.4850732,113.0151917,115.7390557,50.92438835,29.91791177,32000000,2018,5656.854249
66,67,Moldova,Central and Eastern Europe,5.64,74.20095622,103.9605621,50.66313384,94.65293922,29.91791177,4050000,2018,2012.46118
67,68,Turkmenistan,Central and Eastern Europe,5.636,114.7460754,86.68969449,91.06261556,110.1516661,32.55772751,5850000,2018,2418.677324
68,69,Hungary,Central and Eastern Europe,5.62,132.2516282,122.7405346,56.55927441,33.76508358,19.35864879,9710000,2018,3116.08729
69,70,Libya,Middle East and Northern Africa,5.566,111.2449648,92.72611422,108.3142861,64.2090114,130.2309101,6680000,2018,2584.569597
70,71,Philippines,Southeastern Asia,5.524,87.52776418,86.01898119,140.4154959,66.42311524,92.39355105,107000000,2018,10344.08043
71,72,Honduras,Latin America and Caribbean,5.504,70.02221135,104.2959187,100.2343898,109.0446142,65.11545503,9590000,2018,3096.772513
72,73,Belarus,Central and Eastern Europe,5.483,117.3436735,117.3748281,67.0413021,55.906122,135.5105415,9450000,2018,3074.08523
73,74,Turkey,Middle East and Northern Africa,5.483,129.65403,115.0273316,70.75368691,58.6737518,95.91330538,82300000,2018,9071.934744
74,75,Pakistan,Southern Asia,5.472,73.63626096,71.09561018,72.93744268,119.5616074,99.43305971,212000000,2018,14560.21978
76,77,Portugal,Western Europe,5.41,134.1715921,148.2276401,122.7270742,30.44392782,14.95895588,10300000,2018,3209.361307
77,78,Serbia,Central and Eastern Europe,5.398,110.1155743,114.8596532,62.89216614,74.17247869,37.837359,8800000,2018,2966.479395
78,79,Greece,Western Europe,5.358,130.3316643,147.3892485,28.60720057,74.17247869,38.71729758,10500000,2018,3240.370349
79,80,Lebanon,Middle East and Northern Africa,5.358,108.9861838,131.6274858,109.8429152,118.4545555,119.6716471,6860000,2018,2619.160171
80,81,Montenegro,Central and Eastern Europe,5.347,114.8590144,122.2374996,56.55927441,61.4413816,71.2750251,628000,2018,792.4645102
81,82,Croatia,Central and Eastern Europe,5.321,125.9270414,123.5789262,82.98271921,66.42311524,34.31760468,4160000,2018,2039.607805
82,83,Dominican Republic,Latin America and Caribbean,5.302,110.9061476,102.9544921,126.2210834,66.42311524,93.27348964,10600000,2018,3255.764119
83,84,Algeria,Middle East and Northern Africa,5.295,110.5673305,115.1950099,16.81491942,30.44392782,118.7917085,42200000,2018,6496.152708
84,85,Morocco,Middle East and Northern Africa,5.254,87.97952039,112.1768,100.4527654,14.39167497,65.11545503,36000000,2018,6000
85,86,China,Eastern Asia,5.246,111.696721,133.9749824,130.3702194,16.05225285,90.63367389,1430000000,2018,37815.3408
86,87,Azerbaijan,Central and Eastern Europe,5.201,115.6495878,101.1100305,93.90149806,17.15930477,154.8691903,9950000,2018,3154.362059
87,88,Tajikistan,Central and Eastern Europe,5.199,53.53310996,100.2716389,63.76566845,103.5093546,29.91791177,9100000,2018,3016.620626
88,89,Macedonia,Central and Eastern Europe,5.185,108.3085495,115.8657232,86.03997729,95.75999114,45.75680624,2080000,2018,1442.22051
89,90,Jordan,Middle East and Northern Africa,5.161,92.83589956,108.1525202,102.19977,71.95837485,117.9117699,9970000,2018,3157.530681
90,91,Nigeria,Sub-Saharan Africa,5.155,77.81500584,8.048559643,100.8895165,111.258718,28.15803461,196000000,2018,14000
92,93,Bosnia and Herzegovina,Central and Eastern Europe,5.129,103.3392313,127.100171,61.14516153,119.5616074,28.15803461,3320000,2018,1822.086716
93,94,Mongolia,Eastern Asia,5.125,103.2262922,96.41503739,86.25835287,140.042068,28.15803461,3170000,2018,1780.449381
94,95,Vietnam,Southeastern Asia,5.103,80.75142115,117.7101848,134.9561065,97.97409499,69.51514794,95500000,2018,9772.410143
95,96,Indonesia,Southeastern Asia,5.093,101.5322065,87.52808612,117.4860604,267.9065648,15.83889447,268000000,2018,16370.70554
96,97,Bhutan,Southern Asia,5.082,89.89948425,88.36647775,118.1411871,201.4834496,150.4694974,754000,2018,868.3317338
97,98,Somalia,Sub-Saharan Africa,4.982,89.89948425,19.28300748,147.1851388,131.7391786,248.14268,15000000,2018,3872.983346
98,99,Cameroon,Sub-Saharan Africa,4.975,60.42239205,30.51745531,99.1425119,101.2952507,37.837359,25200000,2018,5019.960159
99,100,Bulgaria,Central and Eastern Europe,4.933,119.0377593,119.386968,78.3968321,35.42566146,7.919447233,7050000,2018,2655.183609
100,101,Nepal,Southern Asia,4.88,47.99909649,90.37861766,114.8655534,167.16484,68.63520935,28100000,2018,5300.943312
101,102,Venezuela,Latin America and Caribbean,4.806,112.4872944,110.1646601,29.04395172,30.99745378,45.75680624,28900000,2018,5375.872022
102,103,Gabon,Sub-Saharan Africa,4.758,117.0048564,67.74204366,77.74170537,17.71283073,45.75680624,2120000,2018,1456.021978
103,104,Palestinian Territories,Middle East and Northern Africa,4.743,72.50687046,100.9423522,58.08790345,47.60323259,66.87533219,4860000,2018,2204.540769
104,105,South Africa,Sub-Saharan Africa,4.724,106.1627075,55.33384755,112.6817977,57.01317392,49.27656056,57800000,2018,7602.631123
105,106,Iran,Middle East and Northern Africa,4.707,119.6024545,115.8657232,100.2343898,156.0943208,113.512077,81800000,2018,9044.335244
106,107,Ivory Coast,Sub-Saharan Africa,4.671,61.10002635,13.41426607,101.9813944,80.81479021,90.63367389,25100000,2018,5009.99002
107,108,Ghana,Sub-Saharan Africa,4.657,66.85991793,56.50759583,108.9694129,117.3475036,25.51821886,29800000,2018,5458.937626
108,109,Senegal,Sub-Saharan Africa,4.631,48.45085269,72.60471511,88.66048421,76.38658253,72.15496368,15900000,2018,3987.480407
109,110,Laos,Southeastern Asia,4.623,81.3161164,73.94614172,136.7031111,127.3109709,153.1093132,7060000,2018,2657.066051
110,111,Tunisia,Middle East and Northern Africa,4.592,101.6451455,115.6980449,59.17978133,22.14103841,55.43613063,11600000,2018,3405.877273
111,112,Albania,Central and Eastern Europe,4.586,103.4521703,132.4658775,91.49936671,82.47536809,28.15803461,2880000,2018,1697.056275
112,113,Sierra Leone,Sub-Saharan Africa,4.571,28.91239694,132.4658775,77.52332979,131.7391786,46.63674482,7650000,2018,2765.863337
113,114,Congo (Brazzaville),Sub-Saharan Africa,4.559,77.02443248,57.51366578,112.2450465,50.37086239,67.75527077,5240000,2018,2289.104628
114,115,Bangladesh,Southern Asia,4.5,60.0835749,97.0857507,126.6578346,84.68947194,126.7111557,161000000,2018,12688.57754
115,116,Sri Lanka,Southern Asia,4.471,103.6780484,112.679835,127.7497125,169.9324698,43.99692907,21200000,2018,4604.345773
116,117,Iraq,Middle East and Northern Africa,4.456,114.0684411,89.87558268,66.38617537,81.92184213,83.59416524,38400000,2018,6196.773354
117,118,Mali,Sub-Saharan Africa,4.447,41.78744871,25.48710554,80.14383671,76.94010849,49.27656056,19100000,2018,4370.354677
118,119,Namibia,Sub-Saharan Africa,4.441,98.70873019,61.20258895,113.3369244,28.22982398,56.31606921,2450000,2018,1565.247584
119,120,Cambodia,Southeastern Asia,4.433,62.00353876,76.62899494,151.9894015,141.7026459,57.1960078,16200000,2018,4024.922359
120,121,Burkina Faso,Sub-Saharan Africa,4.424,35.46286188,42.59029478,68.13317999,96.86704306,112.6321384,19800000,2018,4449.719092
121,122,Egypt,Middle East and Northern Africa,4.419,99.95105974,92.72611422,68.13317999,50.92438835,94.15342822,98400000,2018,9919.677414
122,123,Mozambique,Sub-Saharan Africa,4.417,22.36193201,29.00835038,115.9574313,114.0263478,139.0302959,29500000,2018,5431.390246
123,124,Kenya,Sub-Saharan Africa,4.41,55.67895193,76.12595996,110.0612907,194.841138,48.39662198,51400000,2018,7169.379332
124,125,Zambia,Sub-Saharan Africa,4.377,63.47174641,49.46510614,109.8429152,122.3292372,72.15496368,17400000,2018,4171.330723
125,126,Mauritania,Sub-Saharan Africa,4.356,62.90705116,48.96207116,28.17044942,74.17247869,81.83428808,4400000,2018,2097.617696
126,127,Ethiopia,Sub-Saharan Africa,4.35,34.78522757,65.56222543,98.70576075,121.7757113,128.4710329,109000000,2018,10440.30651
127,128,Georgia,Central and Eastern Europe,4.34,96.33701013,107.8171636,81.89084133,21.03398649,189.186795,4000000,2018,2000
128,129,Armenia,Central and Eastern Europe,4.321,92.15826526,111.673765,56.77764999,42.62149895,24.63828028,2950000,2018,1717.556404
129,130,Myanmar,Southeastern Asia,4.308,77.02443248,71.93400181,126.6578346,331.0085243,156.6290675,53700000,2018,7328.028384
130,131,Chad,Sub-Saharan Africa,4.301,40.4321801,8.886951273,41.27298403,100.1881988,52.79631489,15500000,2018,3937.003937
131,132,Congo (Kinshasa),Sub-Saharan Africa,4.245,7.792794489,34.20637848,68.13317999,109.0446142,45.75680624,84100000,2018,9170.605214
132,133,India,Southern Asia,4.19,81.42905545,81.32398806,117.7044359,95.20646518,81.83428808,1350000000,2018,36742.34614
133,134,Niger,Sub-Saharan Africa,4.166,14.79501562,37.05691002,85.16647498,96.86704306,87.11391957,22400000,2018,4732.863826
134,135,Uganda,Sub-Saharan Africa,4.161,36.36637428,39.73976324,98.26900959,143.3632237,53.67625347,42700000,2018,6534.523701
135,136,Benin,Sub-Saharan Africa,4.141,42.69096111,40.24279822,96.08525383,90.22473154,58.95588496,11500000,2018,3391.164992
136,137,Sudan,Sub-Saharan Africa,4.139,68.32812559,52.31563768,3.49400923,74.17247869,72.15496368,41800000,2018,6465.29195
137,138,Ukraine,Central and Eastern Europe,4.103,89.56066709,102.1161005,35.59521903,103.5093546,9.679324396,44200000,2018,6648.308055
138,139,Togo,Sub-Saharan Africa,3.999,29.25121409,42.42261645,94.77500036,87.45710174,88.87379673,7890000,2018,2808.914381
139,140,Guinea,Sub-Saharan Africa,3.964,38.85103339,35.38012676,86.03997729,102.4023027,82.71422666,12400000,2018,3521.363372
140,141,Lesotho,Sub-Saharan Africa,3.808,53.30723186,13.24658775,92.37286902,64.2090114,98.55312112,2110000,2018,1452.583905
141,142,Angola,Sub-Saharan Africa,3.795,82.44550691,45.10546967,92.37286902,43.72855087,53.67625347,30800000,2018,5549.77477
142,143,Madagascar,Sub-Saharan Africa,3.774,29.59003125,67.40668701,48.26100249,85.79652386,43.11699049,26300000,2018,5128.352562
143,144,Zimbabwe,Sub-Saharan Africa,3.692,40.31924105,41.58422482,88.66048421,73.06542677,87.11391957,14400000,2018,3794.733192
144,145,Afghanistan,Southern Asia,3.632,37.49576479,42.7579731,18.56192403,105.7234584,31.67778893,37200000,2018,6099.180273
145,146,Botswana,Sub-Saharan Africa,3.59,114.8590144,69.9218619,121.6351963,23.24809034,80.9543495,2250000,2018,1500
146,147,Malawi,Sub-Saharan Africa,3.587,21.0066634,51.30956773,115.9574313,116.2404517,70.39508652,18100000,2018,4254.409477
147,148,Haiti,Latin America and Caribbean,3.582,35.57580093,48.45903618,5.459389422,216.9821765,91.51361247,11100000,2018,3331.66625
148,149,Liberia,Sub-Saharan Africa,3.495,8.583367842,44.77011302,91.49936671,114.0263478,26.39815744,4820000,2018,2195.44984
149,150,Syria,Middle East and Northern Africa,3.462,77.81500584,90.37861766,19.21705077,208.1257611,126.7111557,16900000,2018,4110.960958
150,151,Rwanda,Sub-Saharan Africa,3.408,37.49576479,67.07133036,138.8868669,110.7051921,390.6927302,12300000,2018,3507.135583
151,152,Yemen,Middle East and Northern Africa,3.355,49.91906035,57.51366578,53.28364076,45.94265471,56.31606921,28500000,2018,5338.539126
152,153,Tanzania,Sub-Saharan Africa,3.303,51.387268,63.88544217,105.0386525,149.4520093,85.3540424,56300000,2018,7503.332593
153,154,South Sudan,Sub-Saharan Africa,3.254,38.06046004,29.67906368,24.45806461,123.9898151,93.27348964,11000000,2018,3316.62479
154,155,Central African Republic,Sub-Saharan Africa,3.083,2.710537213,1.676783259,66.60455095,120.6686594,33.4376661,4670000,2018,2161.018278
155,156,Burundi,Sub-Saharan Africa,2.905,10.2774536,24.31335726,14.1944125,82.47536809,66.87533219,11200000,2018,3346.640106
,1,Finland,Western Europe,7.769,147.7322508,135.8188668,151.3733537,83.18211277,352.3721869,5530000,2019,2351.595203
1,2,Denmark,Western Europe,7.6,152.4729126,137.1963401,150.3574252,137.0058328,367.6147497,5770000,2019,2402.08243
2,3,Norway,Western Europe,7.554,164.0489472,141.6042547,153.1512287,147.3356376,305.7478772,5380000,2019,2319.482701
3,4,Iceland,Western Europe,7.494,152.1421687,141.32876,150.1034431,192.4605746,105.8013182,339000,2019,582.2370651
4,5,Netherlands,Western Europe,7.488,153.9061359,137.6095821,141.4680504,175.0630086,267.1931596,17100000,2019,4135.214626
5,6,Switzerland,Western Europe,7.48,160.080021,144.9101906,145.2777825,142.9862461,307.5411199,8590000,2019,2930.870178
6,7,Sweden,Western Europe,7.343,152.9139044,138.9870554,145.7857467,145.1609419,334.4397601,10000000,2019,3162.27766
7,8,New Zealand,Australia and New Zealand,7.307,143.6530767,141.32876,148.5795502,179.4124001,340.7161095,4780000,2019,2186.321111
8,9,Canada,North America,7.278,150.4884495,143.1194753,148.3255681,154.9470728,276.159373,37400000,2019,6115.553941
9,10,Austria,Western Europe,7.246,151.701177,139.9512867,135.118497,132.6564413,202.636423,8960000,2019,2993.325909
10,11,Australia,Australia and New Zealand,7.228,151.2601852,142.7062333,141.4680504,180.499748,260.0201888,25200000,2019,5019.960159
11,12,Costa Rica,Latin America and Caribbean,7.167,113.9963786,132.6506782,141.7220325,78.28904731,83.38578469,5050000,2019,2247.220505
12,13,Israel,Middle East and Northern Africa,7.139,140.6763821,141.742002,94.22737288,141.8988983,73.52294994,8520000,2019,2918.903904
13,14,Luxembourg,Western Europe,7.09,177.3889489,139.4002974,133.5946041,105.4727443,283.3323437,616000,2019,784.8566748
14,15,United Kingdom,Western Europe,7.054,146.9605152,137.1963401,114.2919617,189.198531,249.2607327,67500000,2019,8215.838363
15,16,Ireland,Western Europe,7.021,165.2616746,137.6095821,131.0547828,162.014834,277.9526156,4880000,2019,2209.072203
16,17,Germany,Western Europe,6.985,151.3704331,135.9566142,125.7211579,141.8988983,237.6046553,83500000,2019,9137.833441
17,18,Belgium,Western Europe,6.923,149.496218,135.8188668,120.1335509,86.98783034,188.2904816,11500000,2019,3391.164992
18,19,United States,North America,6.892,157.98531,120.3911659,115.3078903,152.2287031,114.7675316,329000000,2019,18138.35715
19,20,Czech Republic,Central and Eastern Europe,6.852,139.9046465,126.7275431,116.0698367,25.00900122,32.27836827,10700000,2019,3271.085447
20,21,United Arab Emirates,Middle East and Northern Africa,6.825,165.7026664,113.6415468,151.881318,142.4425722,163.185084,9770000,2019,3125.699922
21,22,Malta,Western Europe,6.726,143.3223329,137.6095821,143.2459254,203.8777274,135.3898225,440000,2019,663.3249581
22,23,Mexico,Latin America and Caribbean,6.595,117.9653048,118.6004506,109.9742654,40.23187153,65.45335788,128000000,2019,11313.7085
23,24,France,Western Europe,6.592,145.9682836,143.9459593,110.7362118,60.3478073,164.0817054,65100000,2019,8068.457102
25,26,Chile,Latin America and Caribbean,6.444,127.7773722,126.7275431,90.67162296,101.6670267,50.21079508,19000000,2019,4358.898944
26,27,Guatemala,Latin America and Caribbean,6.436,88.19835869,102.7595078,135.8804434,95.14293944,69.93646458,17600000,2019,4195.235393
27,28,Saudi Arabia,Middle East and Northern Africa,6.375,154.6778716,109.5091269,111.4981582,43.49391517,118.354017,34300000,2019,5856.620186
28,29,Qatar,Middle East and Northern Africa,6.374,185.657545,119.9779239,140.9600861,119.6082667,149.7357639,2830000,2019,1682.260384
29,30,Spain,Western Europe,6.354,141.7788616,146.2876639,91.94153365,83.18211277,70.83308592,46700000,2019,6833.739825
30,31,Panama,Latin America and Caribbean,6.321,126.6748927,125.3500698,131.0547828,59.26045942,48.4175524,4250000,2019,2061.552813
31,32,Brazil,Latin America and Caribbean,6.3,110.6889402,110.4733582,99.05303349,53.82372003,77.10943531,211000000,2019,14525.83905
32,33,Uruguay,Latin America and Caribbean,6.293,123.918694,122.7328705,132.8326577,69.04659034,134.4932011,3460000,2019,1860.107524
33,34,Singapore,Southeastern Asia,6.262,173.3097748,157.1697029,141.2140683,147.3356376,406.1694674,5800000,2019,2408.318916
34,35,El Salvador,Latin America and Caribbean,6.253,87.536871,108.6826429,109.212319,50.56167639,66.34997922,6450000,2019,2539.68502
35,36,Italy,Western Europe,6.223,142.6608452,143.1194753,58.66987368,85.90048247,26.89864022,60600000,2019,7784.600182
36,37,Bahrain,Middle East and Northern Africa,6.199,150.1577057,119.9779239,136.1344255,138.6368546,98.62834749,1640000,2019,1280.624847
37,38,Slovakia,Central and Eastern Europe,6.198,137.3689437,121.3553972,84.83003381,65.7845467,12.55269877,5460000,2019,2336.664289
38,39,Trinidad and Tobago,Latin America and Caribbean,6.192,135.7152244,98.21384589,124.1972651,100.5796788,14.34594145,1390000,2019,1178.982612
39,40,Poland,Central and Eastern Europe,6.182,132.9590257,121.7686392,122.6733722,63.60985094,44.83106704,37900000,2019,6156.297589
40,41,Uzbekistan,Central and Eastern Europe,6.174,82.13472153,104.1369811,160.2627285,175.0630086,215.1891218,33000000,2019,5744.562647
41,42,Lithuania,Central and Eastern Europe,6.149,136.4869601,112.6773155,73.90880191,23.37797941,37.65809631,2760000,2019,1661.324773
42,43,Colombia,Latin America and Caribbean,6.125,108.5942291,115.8455041,119.3716045,53.82372003,30.48512559,50300000,2019,7092.249291
43,44,Slovenia,Central and Eastern Europe,6.118,138.691919,131.273205,143.2459254,78.28904731,51.10741642,2080000,2019,1442.22051
44,45,Nicaragua,Latin America and Caribbean,6.105,76.51207617,115.0190201,110.4822297,108.7347879,113.8709103,6550000,2019,2559.296778
46,47,Argentina,Latin America and Caribbean,6.086,120.3907596,121.3553972,119.6255866,35.88248002,44.83106704,44800000,2019,6693.280212
47,48,Romania,Central and Eastern Europe,6.07,128.108116,113.6415468,117.3397474,45.12493699,4.483106704,19400000,2019,4404.543109
48,49,Cyprus,Western Europe,6.046,139.2431588,143.5327173,103.1167477,103.2980485,36.76147497,1200000,2019,1095.445115
49,50,Ecuador,Latin America and Caribbean,6.028,100.5461289,119.5646819,126.4831043,68.5029164,78.00605665,17400000,2019,4171.330723
50,51,Kuwait,Middle East and Northern Africa,6.021,165.3719225,111.2998422,125.2131936,77.20169943,86.97227006,4210000,2019,2051.828453
51,52,Thailand,Southeastern Asia,6.008,115.7603458,114.0547888,141.4680504,195.1789443,25.10539754,69600000,2019,8342.661446
52,53,Latvia,Central and Eastern Europe,5.94,130.8643147,111.8508315,67.05128421,40.77554547,57.38376581,1910000,2019,1382.027496
53,54,South Korea,Eastern Asia,5.895,143.4325808,142.7062333,40.38315981,95.14293944,50.21079508,51200000,2019,7155.417528
54,55,Estonia,Central and Eastern Europe,5.893,136.3767121,120.3911659,125.7211579,55.99841578,144.3560359,1330000,2019,1153.256259
55,56,Jamaica,Latin America and Caribbean,5.89,91.61604509,114.4680308,124.4512472,58.17311154,25.10539754,2950000,2019,1717.556404
56,57,Mauritius,Sub-Saharan Africa,5.888,123.4777022,109.9223689,126.4831043,116.889897,53.79728045,1270000,2019,1126.942767
57,58,Japan,Eastern Asia,5.886,146.2990275,149.8690944,113.022051,37.51350184,125.5269877,127000000,2019,11269.42767
58,59,Honduras,Latin America and Caribbean,5.86,70.77918285,114.0547888,128.7689435,133.7437892,69.93646458,9750000,2019,3122.498999
59,60,Kazakhstan,Central and Eastern Europe,5.809,129.3208434,100.4178032,104.1326762,79.37639519,86.07564871,18600000,2019,4312.771731
60,61,Bolivia,Latin America and Caribbean,5.779,85.55240793,97.24961458,129.7848721,74.48332973,57.38376581,11500000,2019,3391.164992
61,62,Hungary,Central and Eastern Europe,5.758,132.407786,114.0547888,50.54244529,44.03758911,17.93242682,9680000,2019,3111.269837
62,63,Paraguay,Latin America and Caribbean,5.743,94.26199585,107.029675,130.5468185,100.0360049,71.72970726,7040000,2019,2653.299832
63,64,Cyprus,Western Europe,5.718,139.2431588,143.5327173,105.9105512,103.8417225,145.2526572,1200000,2019,1095.445115
64,65,Peru,Latin America and Caribbean,5.697,105.8380304,117.6362193,115.5618724,45.12493699,24.2087762,32500000,2019,5700.877125
65,66,Portugal,Western Europe,5.693,134.612745,137.6095821,129.0229257,25.55267516,22.41553352,10200000,2019,3193.743885
66,67,Pakistan,Southern Asia,5.653,74.63786104,73.69482125,79.49640893,119.6082667,87.8688914,217000000,2019,14730.91986
67,68,Russia,Central and Eastern Europe,5.648,130.4233229,100.0045612,84.83003381,44.58126305,27.79526156,146000000,2019,12083.04597
68,69,Philippines,Southeastern Asia,5.631,88.97009433,90.49999544,141.7220325,63.60985094,95.93848346,108000000,2019,10392.30485
69,70,Serbia,Central and Eastern Europe,5.603,110.6889402,117.6362193,71.62296268,74.48332973,34.96823229,8770000,2019,2961.418579
70,71,Moldova,Central and Eastern Europe,5.529,75.51984463,101.7952765,62.2256236,98.40498308,34.96823229,4040000,2019,2009.975124
71,72,Libya,Middle East and Northern Africa,5.525,115.0988581,92.70395271,105.6565691,72.30863397,136.2864438,6780000,2019,2603.843313
72,73,Montenegro,Central and Eastern Europe,5.523,115.8705937,119.9779239,50.03448102,77.20169943,71.72970726,628000,2019,792.4645102
73,74,Tajikistan,Central and Eastern Europe,5.467,54.35223854,98.90258253,98.79905135,125.0450061,129.1134731,9320000,2019,3052.867504
74,75,Croatia,Central and Eastern Europe,5.432,127.3363804,125.9010591,75.1787126,64.69719882,19.7256695,4130000,2019,2032.240143
76,77,Dominican Republic,Latin America and Caribbean,5.425,111.9016676,107.3051696,126.2291222,61.43515518,90.55875542,10700000,2019,3271.085447
77,78,Bosnia and Herzegovina,Central and Eastern Europe,5.386,104.1843112,116.3964934,53.84421308,142.9862461,5.379728045,3300000,2019,1816.590212
78,79,Turkey,Middle East and Northern Africa,5.373,130.4233229,111.2998422,49.52651674,45.12493699,95.04186212,83400000,2019,9132.360045
79,80,Malaysia,Southeastern Asia,5.339,134.612745,114.0547888,129.0229257,141.3552243,21.51891218,31900000,2019,5648.008499
80,81,Belarus,Central and Eastern Europe,5.323,117.6345609,108.6826429,59.68580223,51.10535033,127.3202304,9450000,2019,3074.08523
81,82,Greece,Western Europe,5.287,130.202827,137.6095821,17.01680319,51.10535033,30.48512559,10500000,2019,3240.370349
82,83,Mongolia,Eastern Asia,5.285,104.5150551,91.87746873,80.51233748,127.7633758,34.07161095,3230000,2019,1797.220076
83,84,Macedonia,Central and Eastern Europe,5.274,108.3737332,115.4322621,87.62383732,100.5796788,30.48512559,2080000,2019,1442.22051
84,85,Nigeria,Sub-Saharan Africa,5.265,76.73257206,33.74809571,108.1963904,116.889897,36.76147497,201000000,2019,14177.44688
86,87,Turkmenistan,Central and Eastern Europe,5.247,115.9808417,90.49999544,100.068962,132.6564413,25.10539754,5940000,2019,2437.211521
87,88,Algeria,Middle East and Northern Africa,5.211,110.4684443,108.1316536,21.84246379,39.68819759,102.2148328,43100000,2019,6565.059025
88,89,Morocco,Middle East and Northern Africa,5.208,88.30860664,107.7184116,106.1645333,19.57226183,68.1432219,36500000,2019,6041.522987
89,90,Azerbaijan,Central and Eastern Europe,5.208,114.9886101,105.9276963,89.14773014,19.02858789,163.185084,10000000,2019,3162.27766
90,91,Lebanon,Middle East and Northern Africa,5.197,108.814725,112.2640735,54.86014162,90.24987398,24.2087762,6860000,2019,2619.160171
91,92,Indonesia,Southeastern Asia,5.192,102.6408399,90.91323743,124.7052293,270.7496219,25.10539754,271000000,2019,16462.07763
92,93,China,Eastern Asia,5.191,113.4451389,123.0083652,132.3246935,31.5330885,89.66213408,1430000000,2019,37815.3408
93,94,Vietnam,Southeastern Asia,5.175,81.69372974,117.2229773,137.9123005,79.92006913,65.45335788,96500000,2019,9823.441352
94,95,Bhutan,Southern Asia,5.082,89.63158202,83.19938698,116.0698367,201.1593577,149.7357639,763000,2019,873.4987121
95,96,Cameroon,Sub-Saharan Africa,5.044,60.52612365,45.59436604,96.76719425,101.6670267,33.17498961,25900000,2019,5089.20426
96,97,Bulgaria,Central and Eastern Europe,5.011,120.3907596,112.2640735,78.98844465,44.03758911,3.586485363,7000000,2019,2645.751311
97,98,Ghana,Sub-Saharan Africa,4.996,67.36149645,66.94520211,96.76719425,133.2001152,35.86485363,30400000,2019,5513.619501
98,99,Ivory Coast,Sub-Saharan Africa,4.944,62.73108262,31.95738043,89.40171228,83.72578671,80.69592067,25700000,2019,5069.516742
99,100,Nepal,Southern Asia,4.913,49.17058497,93.25494203,111.4981582,154.9470728,79.79929933,28600000,2019,5347.896783
100,101,Jordan,Middle East and Northern Africa,4.906,92.27753278,112.2640735,97.27515853,59.80413336,116.5607743,10100000,2019,3178.049716
101,102,Benin,Sub-Saharan Africa,4.883,43.32744371,54.68568979,88.63976587,95.14293944,73.52294994,11800000,2019,3435.112807
102,103,Congo (Brazzaville),Sub-Saharan Africa,4.812,74.19686925,69.97564335,94.48135502,57.08576366,83.38578469,5380000,2019,2319.482701
103,104,Gabon,Sub-Saharan Africa,4.799,116.5320814,78.65372511,74.92473046,23.37797941,49.31417374,2170000,2019,1473.091986
104,105,Laos,Southeastern Asia,4.796,84.22943255,75.89877852,138.928229,144.6172679,147.0458999,7170000,2019,2677.685568
105,106,South Africa,Sub-Saharan Africa,4.722,105.8380304,64.60349751,98.79905135,70.67761216,49.31417374,58600000,2019,7655.063684
106,107,Albania,Central and Eastern Europe,4.719,104.4048071,120.3911659,97.27515853,96.77396126,24.2087762,2880000,2019,1697.056275
107,108,Venezuela,Latin America and Caribbean,4.707,105.8380304,110.8866002,39.11324912,34.79513214,42.14120302,28500000,2019,5338.539126
108,109,Cambodia,Southeastern Asia,4.7,63.28232236,87.74504885,154.6751215,126.132354,55.59052313,16500000,2019,4062.019202
109,110,Palestinian Territories,Middle East and Northern Africa,4.696,72.43290208,92.56620538,57.14598086,55.99841578,59.17700849,4980000,2019,2231.59136
110,111,Senegal,Sub-Saharan Africa,4.681,49.61157676,78.65372511,74.16278405,83.18211277,64.55673654,16300000,2019,4037.325848
111,112,Somalia,Sub-Saharan Africa,4.668,49.61157676,36.91628429,141.9760147,132.1127673,242.087762,15400000,2019,3924.283374
112,113,Namibia,Sub-Saharan Africa,4.639,96.90794661,65.70547614,101.846837,38.05717578,50.21079508,2490000,2019,1577.973384
113,114,Niger,Sub-Saharan Africa,4.628,15.21421687,50.41552257,80.76631961,102.2107007,91.45537676,23300000,2019,4827.007354
114,115,Burkina Faso,Sub-Saharan Africa,4.587,36.49207091,52.34398519,64.76544497,96.23028732,101.3182115,20300000,2019,4505.55213
115,116,Armenia,Central and Eastern Europe,4.559,93.71075611,112.2640735,71.87694481,51.64902427,57.38376581,2960000,2019,1720.465053
116,117,Iran,Middle East and Northern Africa,4.548,121.2727432,108.1316536,77.46455183,146.7919637,112.0776676,82900000,2019,9104.943712
117,118,Guinea,Sub-Saharan Africa,4.534,41.89422038,51.65524854,84.32206953,112.5405055,77.10943531,12800000,2019,3577.708764
118,119,Georgia,Central and Eastern Europe,4.519,97.67968225,103.5859917,87.87781945,23.37797941,147.0458999,4000000,2019,2000
119,120,Gambia,Sub-Saharan Africa,4.516,33.9563681,58.955857,97.02117639,146.2482898,149.7357639,2350000,2019,1532.970972
120,121,Kenya,Sub-Saharan Africa,4.509,56.44694956,80.0311984,109.4663011,202.2467056,47.52093106,52600000,2019,7252.585746
121,122,Mauritania,Sub-Saharan Africa,4.49,62.84133057,67.35844409,16.76282105,57.6294376,78.90267799,4530000,2019,2128.379665
122,123,Mozambique,Sub-Saharan Africa,4.466,22.49058147,53.72145848,125.4671758,107.1037661,123.733745,30400000,2019,5513.619501
123,124,Tunisia,Middle East and Northern Africa,4.461,101.5383604,112.2640735,42.4150169,32.07676244,49.31417374,11700000,2019,3420.526275
124,125,Bangladesh,Southern Asia,4.456,61.95934698,99.59131918,133.8485863,90.24987398,128.2168517,163000000,2019,12767.14533
125,126,Iraq,Middle East and Northern Africa,4.437,114.9886101,79.0669671,61.20969505,80.46374307,79.79929933,39300000,2019,6268.971207
126,127,Congo (Kinshasa),Sub-Saharan Africa,4.418,10.36330715,49.17579661,68.32119489,115.2588752,47.52093106,86800000,2019,9316.651759
127,128,Mali,Sub-Saharan Africa,4.39,42.44546012,42.42617747,83.05215885,83.18211277,46.62430972,19700000,2019,4438.468204
128,129,Sierra Leone,Sub-Saharan Africa,4.374,29.54645016,33.33485372,78.48048038,137.0058328,40.34796033,7810000,2019,2794.637722
129,130,Sri Lanka,Southern Asia,4.366,104.625303,114.4680308,119.3716045,132.6564413,42.14120302,21300000,2019,4615.192304
130,131,Myanmar,Southeastern Asia,4.36,78.27604334,76.44976784,133.340622,307.7194498,154.2188706,54000000,2019,7348.469228
131,132,Chad,Sub-Saharan Africa,4.35,38.58678193,26.44748725,44.19289186,107.6474401,69.93646458,15900000,2019,3987.480407
132,133,Ukraine,Central and Eastern Europe,4.332,90.40331766,101.7952765,45.20882041,101.6670267,8.966213408,44000000,2019,6633.249581
133,134,Ethiopia,Sub-Saharan Africa,4.286,37.04331065,73.28157926,87.36985518,113.6278534,89.66213408,112000000,2019,10583.00524
134,135,Swaziland,Sub-Saharan Africa,4.212,89.41108612,73.28157926,79.49640893,40.23187153,121.043881,1150000,2019,1072.380529
135,136,Uganda,Sub-Saharan Africa,4.189,36.60231886,61.02206694,90.41764083,137.0058328,53.79728045,44300000,2019,6655.824517
136,137,Egypt,Middle East and Northern Africa,4.166,100.6563769,88.70928016,61.20969505,41.31921941,60.07362983,100000000,2019,10000
137,138,Zambia,Sub-Saharan Africa,4.107,63.72331416,58.68036234,109.4663011,134.2874631,78.00605665,17900000,2019,4230.83916
138,139,Togo,Sub-Saharan Africa,4.085,30.3181858,56.47640507,74.41676619,96.23028732,76.21281397,8080000,2019,2842.534081
139,140,India,Southern Asia,4.015,83.23720102,80.99542971,126.4831043,108.7347879,76.21281397,1370000000,2019,37013.51105
140,141,Liberia,Sub-Saharan Africa,3.975,8.048100231,61.02206694,93.97339075,126.6760279,29.58850425,4940000,2019,2222.611077
141,142,Comoros,Sub-Saharan Africa,3.973,30.20793785,69.56240136,36.06546348,149.5103334,69.93646458,851000,2019,922.4966125
142,143,Madagascar,Sub-Saharan Africa,3.933,30.20793785,76.44976784,37.5893563,91.8808958,36.76147497,27000000,2019,5196.152423
143,144,Lesotho,Sub-Saharan Africa,3.802,53.91124675,23.14155135,91.17958724,58.17311154,83.38578469,2130000,2019,1459.451952
144,145,Burundi,Sub-Saharan Africa,3.775,5.071405625,52.34398519,55.87607017,95.68661338,161.3918413,11500000,2019,3391.164992
145,146,Zimbabwe,Sub-Saharan Africa,3.663,40.3507491,59.64459365,91.68755151,82.09476489,79.79929933,14600000,2019,3820.994635
146,147,Haiti,Latin America and Caribbean,3.597,35.61008732,61.84855092,6.603535566,227.7993807,98.62834749,11300000,2019,3361.547263
147,148,Botswana,Sub-Saharan Africa,3.488,114.7681142,74.10806324,115.5618724,13.59184849,89.66213408,2300000,2019,1516.575089
148,149,Syria,Middle East and Northern Africa,3.462,68.24348004,60.60882495,3.301767783,179.956074,126.423609,17100000,2019,4135.214626
149,150,Malawi,Sub-Saharan Africa,3.41,21.05735814,68.18492807,112.5140868,118.5209188,79.79929933,18600000,2019,4312.771731
150,151,Yemen,Middle East and Northern Africa,3.38,31.64116118,63.77701353,36.31944561,58.71678548,69.03984324,29200000,2019,5403.702434
151,152,Rwanda,Sub-Saharan Africa,3.334,39.57901346,84.57686027,140.9600861,117.9772449,368.5113711,12600000,2019,3549.64787
152,153,Tanzania,Sub-Saharan Africa,3.231,52.47802342,68.73591739,105.9105512,150.0540073,131.8033371,58000000,2019,7615.773106
153,154,Afghanistan,Southern Asia,3.203,38.58678193,49.72678593,105.9105512,85.90048247,22.41553352,38000000,2019,6164.414003
154,155,Central African Republic,Sub-Saharan Africa,3.083,2.866446658,14.46346959,57.14598086,127.7633758,31.38174693,4750000,2019,2179.449472
155,156,South Sudan,Sub-Saharan Africa,2.853,33.7358722,40.63546218,2.539821372,109.8221358,81.59254201,11100000,2019,3331.66625