,rank,country,region,score,gdp_per_capita,healthy_life_expectancy,freedom_to_life_choice,generosity,corruption_perceptions,year
,1,Switzerland,Western Europe,7.587,1.382331988,1.290673896,1.583443394,0.4960495655,2.346945321,2015
1,2,Iceland,Western Europe,7.561,1.145777975,1.317087642,1.336217101,1.611363666,-0.01270287534,2015
2,3,Denmark,Western Europe,7.527,1.203943289,1.015451728,1.474677261,0.8526590984,2.887749253,2015
3,4,Norway,Western Europe,7.522,1.539272856,1.059007625,1.611390714,0.897425146,1.882781419,2015
4,5,Canada,North America,7.427,1.205977569,1.143152506,1.364433145,1.785711434,1.582155813,2015
5,6,Finland,Western Europe,7.406,1.115464705,1.07507839,1.423015028,-0.009726833304,2.295569371,2015
6,7,Netherlands,Western Europe,7.378,1.213888654,1.090448636,1.248814544,1.929522362,1.48525365,2015
7,8,Sweden,Western Europe,7.364,1.219589659,1.164745023,1.544679924,1.022370383,2.505142552,2015
8,9,New Zealand,Australia and New Zealand,7.286,1.014830675,1.15444325,1.407496203,1.92080897,2.426976503,2015
9,10,Australia,Australia and New Zealand,7.284,1.224286081,1.250002496,1.487172938,1.605927789,1.809362983,2015
10,11,Israel,Middle East and Northern Africa,7.278,0.9605581168,1.17710715,-0.1120721482,0.7753577269,-0.5518960103,2015
11,12,Costa Rica,Latin America and Caribbean,7.226,0.2754581143,0.9562371371,1.369740449,0.1618230563,-0.3146849424,2015
12,13,Austria,Western Europe,7.2,1.233452894,1.080476519,1.306388711,0.7686428198,0.3714298439,2015
13,14,Mexico,Latin America and Caribbean,7.187,0.4380999859,0.7673850346,0.348924272,-0.7513243758,0.5949067471,2015
14,15,United States,North America,7.119,1.377309077,0.9625006151,0.7804282077,1.329577384,0.1352361216,2015
15,16,Brazil,Latin America and Caribbean,6.983,0.3393997766,0.2835313605,0.4072374304,-0.7113546904,0.2735103359,2015
16,17,Luxembourg,Western Europe,6.946,1.802749674,1.197999146,1.249284812,0.36462924,1.992569958,2015
17,18,Ireland,Western Europe,6.94,1.230263345,1.100709202,1.262317937,1.792905977,1.221506819,2015
18,19,Belgium,Western Europe,6.937,1.159590982,1.106230952,1.038806557,-0.09774008051,0.6990151071,2015
19,20,United Arab Emirates,Middle East and Northern Africa,6.901,1.459584366,0.7459985538,1.422208855,0.2362466105,2.059121312,2015
20,21,United Kingdom,Western Europe,6.867,1.055491143,1.158811201,1.1177443,2.273421535,1.506702685,2015
21,22,Oman,Middle East and Northern Africa,6.853,1.290915001,0.5544267832,1.362887981,-0.154337155,1.545446594,2015
22,23,Venezuela,Latin America and Caribbean,6.81,0.4976214862,0.3803680267,-0.005321446965,-1.409465215,-0.2734824482,2015
23,24,Singapore,Southeastern Asia,6.798,1.697142961,1.636071741,0.7567804753,0.6101230475,2.960065565,2015
24,25,Panama,Latin America and Caribbean,6.786,0.5460674668,0.6939127896,0.7539588708,0.07684750523,-0.4259995,2015
25,26,Germany,Western Europe,6.75,1.210071241,1.086410341,1.242163619,0.3790183267,0.6399242871,2015
26,27,Chile,Latin America and Caribbean,6.67,0.6556171648,0.9492319315,0.07690816806,0.7906261467,-0.1208806175,2015
27,28,Qatar,Middle East and Northern Africa,6.611,2.120473935,0.6968797002,1.414348671,0.7274740438,3.214232391,2015
28,29,France,Western Europe,6.575,1.084146852,1.308640188,0.8077708983,-0.8905787597,0.5384440697,2015
29,30,Argentina,Latin America and Caribbean,6.574,0.5209026806,0.6552605373,0.1334746189,-0.9610053453,-0.4926356328,2015
30,31,Czech Republic,Central and Eastern Europe,6.505,0.8360150283,0.8926133871,0.2268562896,-1.022158964,-0.9870655641,2015
31,32,Uruguay,Latin America and Caribbean,6.485,0.5413710446,0.7556822204,1.16725674,-0.01860010346,0.870098715,2015
32,33,Colombia,Latin America and Caribbean,6.477,0.1821073056,0.2577769281,0.7039761637,-0.4054267185,-0.7778314985,2015
33,34,Thailand,Southeastern Asia,6.455,0.3033855018,0.4544583781,0.8516401292,2.730514857,-0.9417089089,2015
34,35,Saudi Arabia,Middle East and Northern Africa,6.411,1.379569387,0.3792554352,-0.8020887951,-0.7807420643,1.545446594,2015
35,36,Spain,Western Europe,6.329,0.9644257586,1.349146759,0.1991105126,-0.4193361691,-0.6694841987,2015
36,37,Malta,Western Europe,6.302,0.9073905995,1.067249043,1.167458283,2.260631236,-0.06009422164,2015
38,39,Kuwait,Middle East and Northern Africa,6.295,1.778413668,0.3984991472,0.8405552546,-0.5791349712,0.9592012283,2015
39,40,Suriname,Latin America and Caribbean,6.269,0.3748113021,-0.08247003041,1.119894094,-0.5181412313,-0.05610961828,2015
40,41,Trinidad and Tobago,Latin America and Caribbean,6.168,0.9185163483,-0.05514972843,0.866419962,0.6691982425,-1.115251102,2015
41,42,El Salvador,Latin America and Caribbean,6.13,-0.2048326753,0.2025594248,-0.1771705934,-1.021679328,-0.2135438402,2015
42,43,Guatemala,Latin America and Caribbean,6.123,-0.2525754483,0.06608153617,0.9906377383,0.3210622829,-0.4088741835,2015
43,44,Uzbekistan,Central and Eastern Europe,6.003,-0.5365959743,-0.1256550628,1.533998136,-0.05081566987,1.401492201,2015
44,45,Slovakia,Central and Eastern Europe,5.995,0.8107246693,0.6626366068,-0.7548605113,-0.5259752897,-0.9210228829,2015
45,46,Japan,Eastern Asia,5.987,1.066466204,1.495390729,0.4452619092,-1.020640116,0.3192061063,2015
46,47,South Korea,Eastern Asia,5.984,1.000841866,1.389364881,-0.6569777098,-0.3929561767,-0.5457919371,2015
47,48,Ecuador,Latin America and Caribbean,5.975,0.04500693856,0.6697654337,0.3753264278,-0.9538108019,0.3217494702,2015
48,49,Bahrain,Middle East and Northern Africa,5.96,1.199623586,0.4901437197,0.168274407,-0.4884837248,1.382332193,2015
49,50,Italy,Western Europe,5.948,1.017241672,1.344366736,-1.125364046,-0.05193482106,-0.9659556442,2015
50,51,Bolivia,Latin America and Caribbean,5.89,-0.4138109047,-0.3667989651,0.9692069807,-0.234756162,-0.4658455336,2015
51,52,Moldova,Central and Eastern Europe,5.889,-0.6319308329,-0.04101569588,-0.6831783224,-0.2015813231,-1.074981174,2015
52,53,Paraguay,Latin America and Caribbean,5.878,-0.2166114025,0.1350210011,0.7330655618,0.8607329749,-0.5131521011,2015
53,54,Kazakhstan,Central and Eastern Europe,5.855,0.6942684681,0.06373273193,0.5819081812,-0.9309481419,-0.4951789966,2015
54,55,Slovenia,Central and Eastern Europe,5.848,0.8510837625,1.010218428,1.200377001,0.1483133027,-0.890841632,2015
55,56,Lithuania,Central and Eastern Europe,5.833,0.7562763096,0.4247068577,-1.454148144,-1.665271202,-1.12449199,2015
56,57,Nicaragua,Latin America and Caribbean,5.828,-0.6350199234,0.4735784688,0.8389429092,0.3471225178,0.4257730514,2015
57,58,Peru,Latin America and Caribbean,5.824,0.1358462915,0.4201328705,-0.1001811009,-0.6787394272,-0.7041587258,2015
58,59,Belarus,Central and Eastern Europe,5.813,0.4666803519,0.4444862618,-0.3392113053,-0.9933807905,0.406528265,2015
59,60,Poland,Central and Eastern Europe,5.791,0.7018279498,0.6214707219,0.6808658797,-0.5366871653,-0.8548106442,2015
60,61,Malaysia,Southeastern Asia,5.77,0.7000950454,0.3944608522,0.674282136,0.7676036079,-0.3216368036,2015
61,62,Croatia,Central and Eastern Europe,5.759,0.5938102398,0.6586395188,-1.14907896,-1.441201145,-1.005886457,2015
62,63,Libya,Middle East and Northern Africa,5.754,0.7166455385,0.3114697689,-0.08862595892,-0.4139002919,-0.2773822727,2015
63,64,Russia,Central and Eastern Europe,5.716,0.7321914493,0.1691404732,-0.4237922574,-1.860483145,-0.9571386495,2015
64,65,Jamaica,Latin America and Caribbean,5.709,-0.08970754561,0.2439313452,0.5008206442,-0.1792782387,-1.016992479,2015
66,67,Cyprus,Western Europe,5.689,0.9092239622,1.217036822,-0.1555382927,0.5727913614,-0.690848455,2015
67,68,Algeria,Middle East and Northern Africa,5.605,0.2340442097,-0.0434881214,-0.9679588274,-1.251105322,0.2618108622,2015
69,70,Turkmenistan,Central and Eastern Europe,5.548,0.2822139302,-0.3682000062,0.3105638879,-0.5191005038,1.403018219,2015
70,71,Mauritius,Sub-Saharan Africa,5.477,0.4056268636,0.3349578113,0.8786469145,1.14084053,-0.5742776122,2015
72,73,Estonia,Central and Eastern Europe,5.429,0.7676029748,0.599136478,0.1276970479,-1.182517342,0.07538229247,2015
73,74,Indonesia,Southeastern Asia,5.399,-0.044777603,0.04003865404,0.2434500109,2.243284392,0.07538229247,2015
74,75,Vietnam,Southeastern Asia,5.36,-0.5372991818,0.4884954361,1.105584529,-0.5286132889,-0.3267235313,2015
75,76,Turkey,Middle East and Northern Africa,5.332,0.5396632548,0.4265199697,-1.355190446,-0.89689397,0.1230279751,2015
77,78,Nigeria,Sub-Saharan Africa,5.268,-0.4815699797,-1.929083443,-0.5813318385,0.300597804,-0.8702403848,2015
78,79,Bhutan,Southern Asia,5.253,-0.1900653157,-0.2231098353,0.6865090886,1.960538838,0.09750955791,2015
79,80,Azerbaijan,Central and Eastern Europe,5.212,0.4465133626,0.05042284122,-0.400211706,-1.252943927,0.1500724107,2015
80,81,Pakistan,Southern Asia,5.194,-0.62954495,-0.4679211688,-2.07490112,0.8152474729,-0.324773619,2015
81,82,Jordan,Middle East and Northern Africa,5.192,0.1403417972,0.2809353138,-0.1562772843,-0.9928212149,-0.0001556137089,2015
82,82,Montenegro,Central and Eastern Europe,5.192,0.3221711905,0.3996941528,-1.661200165,-0.5861696358,0.00009872267553,2015
83,84,China,Eastern Asia,5.14,0.1105559325,0.7762033523,0.585132872,-1.22208733,-0.9761290995,2015
84,85,Zambia,Sub-Saharan Africa,5.129,-0.9436024863,-1.355604344,0.3923232355,-0.3102988673,-0.1548769142,2015
85,86,Romania,Central and Eastern Europe,5.124,0.4956374362,0.5797279377,-0.5320209419,-0.7773846107,-1.15687749,2015
86,87,Serbia,Central and Eastern Europe,5.123,0.1869293006,0.4950885708,-1.537116751,-0.3390770408,-0.9900328219,2015
87,88,Portugal,Western Europe,5.102,0.7881215679,1.017718118,0.5698155908,-0.7797028524,-1.120507387,2015
88,89,Latvia,Central and Eastern Europe,5.098,0.6706105554,0.3962327571,-0.894597112,-0.4194161084,-0.6750795992,2015
89,90,Philippines,Southeastern Asia,5.073,-0.3535610823,-0.1939764213,1.313912989,0.1213737347,-0.1709001065,2015
91,92,Morocco,Middle East and Northern Africa,5.013,-0.2795484826,-0.07694828009,-0.08708079458,-1.303065913,-0.4873793475,2015
92,93,Macedonia,Central and Eastern Europe,5.007,0.1818561601,0.441890215,-0.6402496264,-0.08902668909,-0.760282288,2015
93,94,Mozambique,Sub-Saharan Africa,4.971,-1.916289282,-2.212423408,-0.6012846127,-0.09622123246,0.1109046075,2015
94,95,Albania,Central and Eastern Europe,4.959,0.08179976468,0.7624813906,-0.4873455383,-0.7354963804,-0.6682125168,2015
95,96,Bosnia and Herzegovina,Central and Eastern Europe,4.949,-0.03483223839,0.6700126762,-2.266837403,0.1067448299,-1.192654141,2015
96,97,Lesotho,Sub-Saharan Africa,4.898,-1.182014977,-2.27501698,-0.7537856144,-0.5663446719,-0.1518248776,2015
97,98,Dominican Republic,Latin America and Caribbean,4.885,0.123741075,0.1649785569,0.9865396937,-0.1429857644,-0.005157562603,2015
98,99,Laos,Southeastern Asia,4.876,-0.6415245937,-0.3260451511,1.115460144,1.496410851,0.8439020674,2015
99,100,Mongolia,Eastern Asia,4.874,-0.04497851945,-0.1052163452,0.0429145527,0.7799942104,-0.9858786609,2015
100,101,Swaziland,Sub-Saharan Africa,4.867,-0.3366338708,-2.276912507,-0.8282894078,-0.4167781092,-0.9524758158,2015
101,102,Greece,Western Europe,4.857,0.773429552,1.04631584,-2.370699319,-0.4167781092,-1.093462952,2015
102,103,Lebanon,Middle East and Northern Africa,4.839,0.45090841,0.8705263858,-0.6094135207,-0.1293960713,-0.8234424901,2015
103,104,Hungary,Central and Eastern Europe,4.8,0.690250139,0.5391389521,-0.7306081494,-0.8531671342,-0.9780790118,2015
104,105,Honduras,Latin America and Caribbean,4.788,-0.6298212101,0.2756195989,-0.1907411671,-0.03562718943,-0.6332836533,2015
105,106,Tajikistan,Central and Eastern Europe,4.786,-1.144292912,-0.2242636339,0.284094551,-0.03986397608,0.06588706745,2015
106,107,Tunisia,Middle East and Northern Africa,4.739,0.08797794572,0.4521095738,-1.123214252,-1.362300987,-0.6728753505,2015
107,108,Palestinian Territories,Middle East and Northern Africa,4.715,-0.6214078335,0.1316008124,-1.242057544,-0.9769932195,-0.1178285809,2015
108,109,Bangladesh,Southern Asia,4.694,-1.126562035,-0.1095018828,-0.1455954961,-0.1799177536,-0.146314256,2015
109,110,Iran,Middle East and Northern Africa,4.686,0.4086154959,0.287775691,-0.870277569,1.168179795,-0.7148408539,2015
110,111,Ukraine,Central and Eastern Europe,4.681,-0.1181121097,0.1882605639,-1.200136564,-0.6553171915,-0.9608689165,2015
111,112,Iraq,Middle East and Northern Africa,4.677,0.3500734634,-0.106493765,-1.200136564,-0.4437176771,-0.04296890509,2015
112,113,South Africa,Sub-Saharan Africa,4.642,0.1868288424,-1.447743402,-0.6570448909,-0.9192769938,-0.4587241148,2015
113,114,Ghana,Sub-Saharan Africa,4.633,-0.754741017,-0.9349623493,-0.04334592581,-0.03083082718,-0.8426872765,2015
114,115,Zimbabwe,Sub-Saharan Africa,4.61,-1.444336525,-1.209277961,-1.150556943,-0.3585822473,-0.5269710446,2015
115,116,Liberia,Sub-Saharan Africa,4.571,-1.946125376,-1.179361612,-0.9711835182,0.07109187053,-0.6835574787,2015
116,117,India,Southern Asia,4.565,-0.5050772051,-0.465325122,-0.2150607101,0.2400037609,-0.4919574024,2015
117,118,Sudan,Sub-Saharan Africa,4.55,-0.8162967964,-1.069050227,-2.210674039,-0.3525867945,0.03095820399,2015
118,119,Haiti,Latin America and Caribbean,4.518,-1.455060441,-0.9879134625,-1.247028942,1.815768637,0.2441768729,2015
119,120,Congo (Kinshasa),Sub-Saharan Africa,4.517,-1.455060441,-2.184608621,-1.369298468,0.1088232535,-0.5654606175,2015
120,121,Nepal,Southern Asia,4.514,-1.220892311,-0.2450732154,-0.3161010214,0.7053308381,-0.711110587,2015
121,122,Ethiopia,Sub-Saharan Africa,4.512,-1.645931075,-0.7733069274,0.03109068648,0.06813411381,0.06385237637,2015
122,123,Sierra Leone,Sub-Saharan Africa,4.507,-1.295557889,-0.7733069274,-0.144251875,-0.158653881,-0.4670324367,2015
123,124,Mauritania,Sub-Saharan Africa,4.436,-0.9845643288,-1.110422147,-1.259994887,-0.1257188603,0.2684236082,2015
124,125,Kenya,Sub-Saharan Africa,4.419,-1.208988011,-0.8812695084,-0.05187792018,1.124692777,-0.716875545,2015
125,126,Djibouti,Sub-Saharan Africa,4.369,-1.019272647,-1.09323879,0.2073737827,-0.4300480447,1.1708091,2015
126,127,Armenia,Central and Eastern Europe,4.35,-0.1956156328,0.419020279,-1.554583826,-1.248467323,-0.8812616282,2015
127,128,Botswana,Sub-Saharan Africa,4.332,0.3703157964,-2.391880293,0.4372001822,-1.040145322,-0.1543682415,2015
128,129,Myanmar,Southeastern Asia,4.307,-1.444135609,-0.600608005,0.06918234638,4.48582356,0.4017806525,2015
129,130,Georgia,Central and Eastern Europe,4.297,-0.2616920325,0.4163830251,-0.1619204932,-1.43296739,2.037757056,2015
130,131,Malawi,Sub-Saharan Africa,4.292,-2.084657273,-1.658970955,0.004486987507,0.7718403946,-0.6203972765,2015
131,132,Sri Lanka,Southern Asia,4.271,-0.02727275671,0.3290239901,0.7214432387,1.387373549,-0.4337143704,2015
132,133,Cameroon,Sub-Saharan Africa,4.252,-1.063850986,-1.624356998,0.4247045055,-0.2282011336,-0.7213688211,2015
133,134,Bulgaria,Central and Eastern Europe,4.218,0.4170539871,0.5697970285,-0.8330592629,-0.9234338411,-1.137971819,2015
134,135,Egypt,Middle East and Northern Africa,4.194,0.08966062104,-0.04571330437,-1.726500154,-0.9737956446,-0.6757578295,2015
135,136,Yemen,Middle East and Northern Africa,4.077,-0.7524555923,-0.9377644315,-0.4982288697,-1.146464685,-0.5460462735,2015
136,137,Angola,Sub-Saharan Africa,4.033,-0.2218101158,-1.901227449,-2.190318178,-0.8896194872,-0.6081043513,2015
137,138,Mali,Sub-Saharan Africa,3.995,-1.470104061,-1.74051979,-0.277471913,-0.3736907884,-0.1647112544,2015
138,139,Congo (Brazzaville),Sub-Saharan Africa,3.989,-0.4205164914,-1.309163952,-0.1021965326,-0.8861021549,-0.2211739318,2015
139,140,Comoros,Sub-Saharan Africa,3.956,-1.524552421,-1.092249819,-1.348337978,-0.4821685145,0.4751990888,2015
140,141,Uganda,Sub-Saharan Africa,3.931,-1.594973639,-1.193372023,0.1840619556,0.4471266706,-0.595811426,2015
141,142,Senegal,Sub-Saharan Africa,3.904,-1.208309918,-0.7945285798,-0.417544419,-0.2102147752,-0.3036636991,2015
142,143,Gabon,Sub-Saharan Africa,3.896,0.5378047775,-0.8014513713,-0.7439099989,-1.331044693,-0.2716173147,2015
143,144,Niger,Sub-Saharan Africa,3.845,-1.950645996,-1.364546283,0.3160727346,-0.326606499,0.1139566441,2015
144,145,Cambodia,Southeastern Asia,3.819,-0.9687170433,-0.07035514537,1.562550085,1.349881985,-0.5975070019,2015
145,146,Tanzania,Sub-Saharan Africa,3.781,-1.408673854,-1.013956345,-0.679147459,0.8716846687,-0.7246751941,2015
146,147,Madagascar,Sub-Saharan Africa,3.681,-1.601955485,-0.6634488202,-1.599124868,-0.1710444835,-0.5231559989,2015
147,148,Central African Republic,Sub-Saharan Africa,3.678,-1.927791749,-2.312639055,0.3958166505,0.02896382214,-0.5091674977,2015
148,149,Chad,Sub-Saharan Africa,3.667,-1.266198972,-1.970166914,-1.30910424,-0.4066258091,-0.7651994581,2015
149,150,Guinea,Sub-Saharan Africa,3.656,-1.687520781,-1.599344293,-0.3535208707,0.4144314679,-0.1827691377,2015
150,151,Ivory Coast,Sub-Saharan Africa,3.655,-0.956260223,-1.962955673,0.2605811807,-0.2644136685,0.3075066327,2015
151,152,Burkina Faso,Sub-Saharan Africa,3.587,-1.476684075,-1.470942995,-0.2347447601,-0.137949584,-0.1240174329,2015
152,153,Afghanistan,Southern Asia,3.575,-1.321727258,-1.338668229,-1.314948992,1.042195346,-0.3879338212,2015
153,154,Rwanda,Sub-Saharan Africa,3.465,-1.567196938,-0.822384574,1.089259531,-0.06752299836,3.467127536,2015
154,155,Benin,Sub-Saharan Africa,3.34,-1.405032243,-1.27376706,0.3669959766,-0.4166981698,-0.5328207815,2015
155,156,Syria,Middle East and Northern Africa,3.006,-0.4593435967,0.3861782267,-1.834258571,1.895068493,0.3909289667,2015
156,157,Burundi,Sub-Saharan Africa,2.905,-2.08651575,-1.665811333,-2.091830747,-0.2994271129,-0.3588546945,2015
157,158,Togo,Sub-Saharan Africa,2.839,-1.600850445,-1.416632047,-0.4389751765,-0.5429224363,-0.3021376808,2015
,1,Denmark,Western Europe,7.526,1.199905809,1.068827215,1.431434389,0.9220734516,2.79435104,2016
1,2,Switzerland,Western Europe,7.509,1.411944961,1.371844995,1.474242201,0.3155451823,2.499374516,2016
2,3,Iceland,Western Europe,7.501,1.162430274,1.391009232,1.339911844,1.784996399,0.118868581,2016
3,4,Norway,Western Europe,7.498,1.536144632,1.072169815,1.547349049,1.051358162,2.0068091,2016
4,5,Finland,Western Europe,7.413,1.111174053,1.139556619,1.37326858,0.1212431613,2.481312876,2016
5,6,Canada,North America,7.404,1.195865787,1.213940598,1.391753772,1.571721621,1.603190453,2016
6,7,Netherlands,Western Europe,7.339,1.256664389,1.145796138,1.241717951,1.765348722,1.475942118,2016
7,8,New Zealand,Australia and New Zealand,7.334,0.9988465916,1.228915444,1.445749989,1.914206118,2.562998683,2016
8,9,Australia,Australia and New Zealand,7.313,1.206473941,1.31912106,1.354713895,1.764673802,1.694133984,2016
9,10,Sweden,Western Europe,7.291,1.224765571,1.230029643,1.450684006,1.078279978,2.468878481,2016
10,11,Israel,Middle East and Northern Africa,7.267,0.9418401568,1.310073758,-0.06329487075,0.6308828891,-0.4481216803,2016
11,12,Austria,Western Europe,7.119,1.221221258,1.116113855,1.182231771,0.6741527718,0.6972948552,2016
12,13,United States,North America,7.104,1.363935628,0.9973401554,0.7519298701,1.289979941,0.1091570462,2016
13,14,Costa Rica,Latin America and Caribbean,7.087,0.2754349341,0.9191678968,1.242690855,-0.09915577341,-0.2830255885,2016
15,16,Germany,Western Europe,6.994,1.215000121,1.157205544,1.120452315,0.4931991721,1.351053596,2016
16,17,Brazil,Latin America and Caribbean,6.952,0.3219075712,0.2626368018,0.2141914808,-0.6073706697,0.04544211687,2016
17,18,Belgium,Western Europe,6.929,1.159282527,1.178241636,0.9736826744,0.02735426497,1.142028692,2016
18,19,Ireland,Western Europe,6.907,1.303087455,1.155779368,1.15811763,1.581395477,1.460240291,2016
19,20,Luxembourg,Western Europe,6.871,1.833767793,1.29336076,1.218020769,0.2771497231,1.966238483,2016
20,21,Mexico,Latin America and Caribbean,6.778,0.3901665805,0.6961942312,0.02544794691,-0.910409831,0.4256441666,2016
21,22,Singapore,Southeastern Asia,6.739,1.704958035,1.746929218,0.7941122431,0.6622291819,3.024341967,2016
22,23,United Kingdom,Western Europe,6.725,1.10336665,1.13509982,0.8820906355,1.970824422,1.246495763,2016
23,24,Chile,Latin America and Caribbean,6.705,0.6420358806,1.174854469,0.03100740299,0.5789140351,-0.2009767337,2016
24,25,Panama,Latin America and Caribbean,6.701,0.5586577734,0.6824672896,0.8050226756,0.02285479709,-0.4758040926,2016
25,26,Argentina,Latin America and Caribbean,6.65,0.4801128204,0.6323728662,0.3433793414,-0.9663532149,-0.5780928751,2016
26,27,Czech Republic,Central and Eastern Europe,6.596,0.871176963,0.9294185351,0.2831982294,-1.045843814,-0.8785151202,2016
27,28,United Arab Emirates,Middle East and Northern Africa,6.573,1.526428753,0.778645017,1.311489124,0.2036584145,1.987295269,2016
28,29,Uruguay,Latin America and Caribbean,6.545,0.5549647478,0.7425449432,1.184525046,-0.4363908905,0.7014699076,2016
29,30,Malta,Western Europe,6.488,0.867880504,1.104971857,1.226637926,2.426845491,0.3529437985,2016
30,31,Colombia,Latin America and Caribbean,6.481,0.1800854756,0.1843754073,0.5137071771,-0.6186193394,-0.7502684035,2016
31,32,France,Western Europe,6.478,1.083662252,1.26006847,0.6406712553,-0.8785386003,0.3759973484,2016
32,33,Thailand,Southeastern Asia,6.474,0.3262698027,0.418624775,0.8485254194,2.611248683,-0.9831637149,2016
33,34,Saudi Arabia,Middle East and Northern Africa,6.379,1.318256124,0.1669047543,0.03899912111,-0.6312928406,1.483293841,2016
35,36,Qatar,Middle East and Northern Africa,6.375,2.147922819,0.7220436668,1.34373397,0.6383820022,3.120731219,2016
36,37,Spain,Western Europe,6.361,0.9539106497,1.442841807,0.01405106195,-0.4657124228,-0.6832860419,2016
37,38,Algeria,Middle East and Northern Africa,6.355,0.2354560735,0.2799737509,-1.135296989,-1.262193228,0.2261492739,2016
38,39,Guatemala,Latin America and Caribbean,6.324,-0.3051632115,-0.06609670958,0.9059268034,0.3699137524,-0.4505722545,2016
39,40,Suriname,Latin America and Caribbean,6.269,0.3450075699,-0.2045248938,1.034836691,-0.5407035541,-0.08834108229,2016
40,41,Kuwait,Middle East and Northern Africa,6.239,1.634542696,0.3586362573,0.4046723447,-0.5931973459,0.9079534748,2016
41,42,Bahrain,Middle East and Northern Africa,6.218,1.196088856,0.453432377,0.6971692277,-0.5045578288,1.098825977,2016
42,43,Trinidad and Tobago,Latin America and Caribbean,6.168,0.9122463815,-0.1298735066,0.7720828983,0.6044110198,-1.127656831,2016
43,44,Venezuela,Latin America and Caribbean,6.084,0.436242651,0.2844305501,-1.215839609,-1.471718448,-0.4866047715,2016
44,45,Slovakia,Central and Eastern Europe,6.078,0.7982582973,0.6616094692,-0.9695557048,-0.7527784732,-0.972816846,2016
45,46,El Salvador,Latin America and Caribbean,6.068,-0.2081035599,0.1817458958,-0.005129061521,-1.124734484,-0.277035296,2016
46,47,Malaysia,Southeastern Asia,6.005,0.7280908117,0.3050209625,0.1173179586,1.319751421,-0.4160826916,2016
47,48,Nicaragua,Latin America and Caribbean,5.992,-0.65389388,0.4319060367,0.6420611193,0.442280194,0.238402145,2016
48,49,Uzbekistan,Central and Eastern Europe,5.987,-0.5496216751,-0.2388422479,1.633451125,0.7837148145,1.331267478,2016
49,50,Italy,Western Europe,5.977,0.9846941245,1.318318836,-1.286722674,-0.5392787226,-1.008304791,2016
50,51,Ecuador,Latin America and Caribbean,5.976,0.03816423835,0.5834372106,0.2034200346,-1.0349701,0.3967818482,2016
51,52,Belize,Latin America and Caribbean,5.956,-0.20200635,-0.4435876046,0.9651350107,-0.01434080399,-0.2626948988,2016
52,53,Japan,Eastern Asia,5.921,1.046955065,1.603063739,0.6545004023,-1.02372143,0.4828242313,2016
53,54,Kazakhstan,Central and Eastern Europe,5.919,0.673587703,0.08307236074,0.2207933349,-0.6647388851,-0.2299298141,2016
54,55,Moldova,Central and Eastern Europe,5.897,-0.6590244591,-0.1431993363,-0.8437035179,-0.2908331048,-1.067572382,2016
55,56,Russia,Central and Eastern Europe,5.856,0.6806515438,0.1546039884,-0.3238943745,-1.585255021,-0.9148199232,2016
56,57,Poland,Central and Eastern Europe,5.835,0.7142853403,0.6032699672,0.5453265835,-0.7073338477,-0.7411014407,2016
57,57,South Korea,Eastern Asia,5.835,0.9959219136,1.476223233,-0.8460662867,-0.3787977018,-0.539972832,2016
58,59,Bolivia,Latin America and Caribbean,5.822,-0.4050979702,-0.3811478474,0.9463718464,-0.1632731906,-0.5372499717,2016
59,60,Lithuania,Central and Eastern Europe,5.813,0.7721592643,0.4078838888,-1.279634368,-1.638573715,-1.075105629,2016
60,61,Belarus,Central and Eastern Europe,5.802,0.428683102,0.3379121409,-0.5734444592,-0.7449044044,0.3441398838,2016
62,63,Slovenia,Central and Eastern Europe,5.768,0.8471846896,1.053094714,1.099465368,0.1396909795,-0.9103725848,2016
63,64,Peru,Latin America and Caribbean,5.743,0.09507153151,0.3330096617,0.01106285431,-0.7010345926,-0.7599799383,2016
64,65,Turkmenistan,Central and Eastern Europe,5.658,0.3036407266,-0.5132473766,0.004530493416,-0.09810589758,1.343429587,2016
65,66,Mauritius,Sub-Saharan Africa,5.648,0.4611519845,0.4754043972,0.6116925905,0.980566534,-0.768057757,2016
66,67,Libya,Middle East and Northern Africa,5.615,0.2707009215,-0.1434221763,0.2313563014,-0.5090572967,-0.3019040861,2016
67,68,Latvia,Central and Eastern Europe,5.56,0.6449605586,0.3757057984,-0.6495395143,-0.4822104717,-0.4334182351,2016
68,69,Cyprus,Western Europe,5.546,0.8945248159,1.308424742,-0.5445352876,0.302271752,-0.7657887068,2016
69,70,Paraguay,Latin America and Caribbean,5.538,-0.1584583909,0.1235846658,0.6179469785,0.1065448995,-0.5690166744,2016
70,71,Romania,Central and Eastern Europe,5.528,0.5255444704,0.5383789704,-0.04383677447,-0.8238700656,-1.178665079,2016
71,72,Estonia,Central and Eastern Europe,5.517,0.7980352287,0.5604846946,0.2896610971,-1.158780458,0.4405291358,2016
72,73,Jamaica,Latin America and Caribbean,5.51,-0.1594498071,0.1759074888,0.4346239143,-0.1222530418,-0.8505604219,2016
73,74,Croatia,Central and Eastern Europe,5.488,0.5671591678,0.668606644,-0.9336972131,-0.4080442429,-0.8770629281,2016
75,76,Somalia,Sub-Saharan Africa,5.44,0.5671591678,-1.963489847,1.350613797,0.2512027917,1.589666914,2016
77,78,Turkey,Middle East and Northern Africa,5.389,0.5136970461,0.4098448805,-0.9349480908,-1.437447501,-0.1195632129,2016
78,79,Indonesia,Southeastern Asia,5.314,-0.01641322661,-0.2740063938,0.131633558,2.448142972,-1.211067116,2016
79,80,Jordan,Middle East and Northern Africa,5.303,0.09683129537,0.2313055032,-0.09171758995,-0.7209072424,-0.03343006771,2016
80,81,Azerbaijan,Central and Eastern Europe,5.291,0.411605957,-0.04537259315,-0.1400848578,-1.367480776,0.3856181212,2016
81,82,Philippines,Southeastern Asia,5.279,-0.3606081657,-0.3782063599,1.216908878,-0.1650729778,-0.1732035594,2016
82,83,China,Eastern Asia,5.245,0.1738395531,0.8039596367,0.4634635927,-1.418549736,-0.9911507716,2016
83,84,Bhutan,Southern Asia,5.196,-0.2601529134,-0.2568477168,0.6067585732,1.850088701,0.22642156,2016
85,86,Serbia,Central and Eastern Europe,5.177,0.1901235652,0.4036944976,-1.502777036,-0.2353396677,-0.8464761315,2016
86,87,Bosnia and Herzegovina,Central and Eastern Europe,5.163,-0.05906891107,0.6793920981,-1.934121335,0.4509791653,-0.8464761315,2016
87,88,Montenegro,Central and Eastern Europe,5.161,0.2992041389,0.3570318096,-1.544959409,-0.5012582191,-0.08570898407,2016
88,89,Dominican Republic,Latin America and Caribbean,5.155,0.174013051,0.09568510257,1.036574021,-0.1941695367,-0.1173849247,2016
89,90,Morocco,Middle East and Northern Africa,5.151,-0.290192826,0.1759966247,-0.8128485366,-1.486491701,-0.4775285707,2016
90,91,Hungary,Central and Eastern Europe,5.145,0.7033054053,0.5386463783,-1.221190586,-1.048018557,-0.8344047845,2016
91,92,Pakistan,Southern Asia,5.132,-0.6679719908,-0.6781489482,-1.578941584,0.5481676713,0.0194841827,2016
92,93,Lebanon,Middle East and Northern Africa,5.129,0.4090034893,0.9202820967,-0.7724034936,-0.01366588381,-0.9624699772,2016
93,94,Portugal,Western Europe,5.123,0.7891868386,1.062543128,0.5131512315,-0.9137094408,-1.102243469,2016
94,95,Macedonia,Central and Eastern Europe,5.121,0.1527719577,0.4107362403,-0.6723332842,-0.02761423422,-0.600692615,2016
95,96,Vietnam,Southeastern Asia,5.061,-0.5385673839,0.4739782215,1.293351399,0.08997185954,-0.1914467229,2016
97,98,Tunisia,Middle East and Northern Africa,5.045,0.04852453824,0.1807208319,-0.9582978063,-1.495265663,-0.4987668805,2016
98,99,Greece,Western Europe,5.033,0.7217457477,1.092225411,-2.190481753,-1.495265663,-0.8657176771,2016
99,100,Tajikistan,Central and Eastern Europe,4.996,-1.163209197,-0.1070992625,0.4214896994,0.1591886737,-0.0141885221,2016
100,101,Mongolia,Eastern Asia,4.907,0.07650726209,-0.002364480553,-0.0952617432,0.7996879255,-0.9421392875,2016
101,102,Laos,Southeastern Asia,4.876,-0.6871558954,-0.7679534528,1.03025014,1.440112186,0.7948640134,2016
102,103,Nigeria,Sub-Saharan Africa,4.875,-0.5093453897,-2.246853142,-0.6594075488,-0.04921168002,-0.9634683593,2016
103,104,Honduras,Latin America and Caribbean,4.871,-0.6527785367,0.1275066491,-0.7357805767,-0.2576120337,-0.6134900581,2016
104,105,Iran,Middle East and Northern Africa,4.813,0.3963629321,0.3881848362,-1.028416446,1.099577459,-0.7347481002,2016
105,106,Zambia,Sub-Saharan Africa,4.795,-0.8566880754,-1.423905164,0.3696477714,-0.4506392055,-0.1984353975,2016
106,107,Nepal,Southern Asia,4.793,-1.267530972,-0.2428533672,-0.02298881418,1.071230812,-0.6042323333,2016
107,108,Palestinian Territories,Middle East and Northern Africa,4.754,-0.7123874391,0.0589165089,-1.361983811,-0.9539796783,-0.277035296,2016
108,109,Albania,Central and Eastern Europe,4.655,-0.005854643471,0.7792689689,-0.3806008265,-0.5275801061,-0.7591630802,2016
109,110,Bangladesh,Southern Asia,4.643,-1.030805556,-0.1128931015,0.1692293798,-0.3557004333,-0.09823414111,2016
110,111,Sierra Leone,Sub-Saharan Africa,4.635,-1.469308966,-0.1128931015,-0.4626722968,0.001632306956,-0.4964070683,2016
111,112,Iraq,Middle East and Northern Africa,4.575,0.2901822509,-0.1981516709,-0.8677481654,-0.3214294864,-0.002661747142,2016
112,113,Namibia,Sub-Saharan Africa,4.574,-0.06144831009,-0.9259915536,0.7832713037,-1.205874888,-0.2965491277,2016
113,114,Cameroon,Sub-Saharan Africa,4.513,-1.072445038,-1.90858208,0.3747902683,-0.08963189975,-0.684284424,2016
114,115,Ethiopia,Sub-Saharan Africa,4.508,-1.647813463,-0.9334344083,-0.04446221328,0.4234574201,0.3180911876,2016
115,116,South Africa,Sub-Saharan Africa,4.459,0.1648176652,-1.645051542,0.3572084884,-0.7663518679,-0.4765301887,2016
116,117,Sri Lanka,Southern Asia,4.415,0.03846166323,0.2890210533,0.9363648255,1.732502607,-0.5174638541,2016
117,118,India,Southern Asia,4.404,-0.5385921693,-0.4648911049,0.2044624327,0.08644727637,-0.4486662523,2016
118,119,Myanmar,Southeastern Asia,4.395,-1.528124736,-0.697134913,0.3717325674,4.356667262,0.5970028369,2016
119,120,Egypt,Middle East and Northern Africa,4.362,-0.009200673339,-0.1518009588,-1.28533281,-0.8375934426,-0.2970029377,2016
120,121,Armenia,Central and Eastern Europe,4.36,-0.2399280218,0.3815442054,-1.619595107,-1.20602487,-0.912097063,2016
121,122,Kenya,Sub-Saharan Africa,4.356,-1.078145682,-1.130915182,0.2246849541,1.308802715,-0.6334576997,2016
122,123,Ukraine,Central and Eastern Europe,4.324,-0.2101607487,0.1384258072,-1.701458098,-0.2633863508,-1.074288771,2016
123,124,Ghana,Sub-Saharan Africa,4.276,-0.8094718761,-1.151683867,0.2522737549,-0.2003938006,-0.9444083377,2016
124,125,Congo (Kinshasa),Sub-Saharan Africa,4.272,-2.233294334,-1.636628191,-1.510838247,0.1186934628,-0.6889132864,2016
125,126,Georgia,Central and Eastern Europe,4.252,-0.2967857441,0.3794049417,-0.3392523719,-1.281540939,1.653200319,2016
126,127,Congo (Brazzaville),Sub-Saharan Africa,4.236,-0.4624266153,-1.217154247,0.04136188994,-0.8847628641,-0.3550906225,2016
127,128,Senegal,Sub-Saharan Africa,4.219,-1.275264019,-0.6714191814,-0.4368903193,-0.3578751761,-0.1801014719,2016
128,129,Bulgaria,Central and Eastern Europe,4.217,0.3851599284,0.5474708408,-1.120494937,-0.8310692142,-1.184473848,2016
129,130,Mauritania,Sub-Saharan Africa,4.201,-0.8520036336,-1.198123715,-1.713897381,-0.08918195296,0.3893393635,2016
130,131,Zimbabwe,Sub-Saharan Africa,4.193,-1.505099093,-1.763646969,-0.8279285612,-0.4028698549,-0.4613729334,2016
131,132,Malawi,Sub-Saharan Africa,4.156,-2.157748415,-1.16581192,0.2840321478,0.5318945959,-0.5537686571,2016
132,133,Sudan,Sub-Saharan Africa,4.139,-0.8104137216,-1.148207563,0.2840321478,-0.4348160768,-0.3291326884,2016
133,134,Gabon,Sub-Saharan Africa,4.121,0.4978096006,-0.9173007951,-0.6424512078,-1.322186133,-0.3949351439,2016
134,135,Mali,Sub-Saharan Africa,4.073,-1.598019582,-1.745953476,-0.6809504411,-0.2108175678,-0.001663365059,2016
135,136,Haiti,Latin America and Caribbean,4.028,-1.528496517,-1.249154066,-1.756149247,1.805993915,0.07357833922,2016
136,137,Botswana,Sub-Saharan Africa,3.974,0.3385633643,-0.9256795776,0.4688145692,-0.8586659505,-0.2628764228,2016
137,138,Comoros,Sub-Saharan Africa,3.956,-1.691782774,-1.138313469,-1.524041956,-0.4203427885,0.4330866512,2016
138,139,Ivory Coast,Sub-Saharan Africa,3.916,-0.997840965,-2.275020113,0.2307308626,-0.2652611291,0.1692414952,2016
139,140,Cambodia,Southeastern Asia,3.907,-0.9954367806,-0.580634181,1.494742695,1.234636487,-0.5058463171,2016
140,141,Angola,Sub-Saharan Africa,3.866,-0.2735122475,-2.252067597,-2.554139674,-0.8852128109,-0.4748057105,2016
141,142,Niger,Sub-Saharan Africa,3.856,-2.044702176,-1.308518632,0.04851968964,-0.2178667341,0.3186357597,2016
142,143,South Sudan,Sub-Saharan Africa,3.832,-1.397208219,-1.77117896,-1.228695851,0.1517645517,-0.05902495384,2016
143,144,Chad,Sub-Saharan Africa,3.763,-1.327313373,-2.304078444,-1.705071744,-0.3905713094,-0.7908390209,2016
144,145,Burkina Faso,Sub-Saharan Africa,3.739,-1.580595441,-1.525341914,-0.2760830522,0.0358282628,-0.1027722415,2016
145,145,Uganda,Sub-Saharan Africa,3.739,-1.513079994,-1.599859598,0.4385155336,0.2419788825,-0.6556036296,2016
146,147,Yemen,Middle East and Northern Africa,3.724,-0.9375628566,-1.090759421,-1.005761663,-1.053942856,-0.7055227338,2016
147,148,Madagascar,Sub-Saharan Africa,3.695,-1.680753268,-0.8206328197,-1.644126207,-0.1376262237,-0.5590328535,2016
148,149,Tanzania,Sub-Saharan Africa,3.666,-1.204848679,-0.8834291209,-0.3879671058,0.569690126,-0.7774970058,2016
149,150,Liberia,Sub-Saharan Africa,3.622,-2.108251958,-1.442088905,-0.8057602301,0.01408083474,-0.7999152216,2016
150,151,Guinea,Sub-Saharan Africa,3.607,-1.818039635,-1.63533572,-0.444048119,0.4528539435,-0.1584093521,2016
151,152,Rwanda,Sub-Saharan Africa,3.515,-1.55950306,-1.054347371,1.179799509,-0.02423963332,3.345094902,2016
152,153,Benin,Sub-Saharan Africa,3.484,-1.394605751,-1.537330704,0.1670750905,-0.2771097278,-0.6339115098,2016
153,154,Afghanistan,Southern Asia,3.36,-1.426132788,-1.701519188,-1.453297877,0.5543919352,-0.5947930845,2016
154,155,Togo,Sub-Saharan Africa,3.303,-1.676564535,-1.368729989,-0.1851859453,-0.4768111103,-0.1886331007,2016
155,156,Syria,Middle East and Northern Africa,3.069,-0.5216637367,0.3330096617,-2.114734164,1.838915022,0.3238091941,2016
156,157,Burundi,Sub-Saharan Africa,2.905,-2.204295408,-1.772694272,-2.294860541,-0.2688607034,-0.3854051331,2016
,1,Norway,Western Europe,7.537000179,1.517838909,1.067256219,1.514364956,0.8689575723,1.893702978,2017
1,2,Denmark,Western Europe,7.521999836,1.198609084,1.049754638,1.450708023,0.8188069724,2.72710863,2017
2,3,Iceland,Western Europe,7.504000187,1.194442548,1.224671496,1.458522692,1.714725416,0.2974035408,2017
3,4,Switzerland,Western Europe,7.493999958,1.395262167,1.329567023,1.410576093,0.3365683681,2.395315874,2017
4,5,Finland,Western Europe,7.468999863,1.106204244,1.120564269,1.396245505,0.0008291066398,2.548661635,2017
5,6,Netherlands,Western Europe,7.376999855,1.249944885,1.127129874,1.176077188,1.677100698,1.566438326,2017
6,7,Canada,North America,7.315999985,1.191041202,1.228962758,1.349935743,1.416727212,1.612721279,2017
7,8,New Zealand,Australia and New Zealand,7.31400013,1.016049845,1.153007173,1.369955368,1.896985591,2.55067777,2017
8,9,Sweden,Western Europe,7.28399992,1.227189869,1.213247125,1.362261588,1.043187613,2.56622462,2017
9,10,Australia,Australia and New Zealand,7.28399992,1.203446862,1.268776355,1.285753749,1.730809886,1.748456317,2017
10,11,Israel,Middle East and Northern Africa,7.212999821,0.9438527016,1.24537766,-0.0367473224,0.6310865806,-0.3736397534,2017
11,12,Costa Rica,Latin America and Caribbean,7.078999996,0.3113076583,0.9086817663,1.14056483,-0.229144742,-0.2275638228,2017
12,13,Austria,Western Europe,7.006000042,1.209833185,1.14689893,1.056966851,0.5296914724,0.9610700326,2017
13,14,United States,North America,6.993000031,1.350691309,0.9717465229,0.6376358911,1.096674111,0.1216172935,2017
14,15,Ireland,Western Europe,6.977000237,1.325566648,1.123231363,1.093096548,1.359501842,1.720983693,2017
15,16,Germany,Western Europe,6.951000214,1.211800084,1.07700453,1.021441195,0.6771752661,1.508164289,2017
16,17,Belgium,Western Europe,6.890999794,1.154319212,1.158692395,0.8677005866,-0.1033157589,1.258664053,2017
17,18,Luxembourg,Western Europe,6.862999916,1.816593676,1.27390908,1.252089381,0.2816755747,1.921912762,2017
18,19,United Kingdom,Western Europe,6.714000225,1.101590119,1.104254423,0.6541960747,1.84311588,1.397079168,2017
19,20,Chile,Latin America and Caribbean,6.65199995,0.6519610809,1.164615201,-0.233435769,0.6056063103,-0.4026703859,2017
20,21,United Arab Emirates,Middle East and Northern Africa,6.647999763,1.541362519,0.7690822196,1.33130594,0.8609840532,1.977486806,2017
21,22,Brazil,Latin America and Caribbean,6.635000229,0.3057052578,0.2985902846,0.175976045,-0.6184993864,-0.1196007974,2017
22,23,Czech Republic,Central and Eastern Europe,6.609000206,0.889806382,0.8870649495,0.5376171534,-1.171600524,-0.8489720536,2017
23,24,Argentina,Latin America and Caribbean,6.598999977,0.4912770036,0.6339631875,0.5617729954,-1.012543716,-0.6242544428,2017
24,25,Mexico,Latin America and Caribbean,6.578000069,0.4148227852,0.6973034294,0.008828643208,-0.9266216818,0.09346564505,2017
25,26,Singapore,Southeastern Asia,6.572000027,1.698344681,1.719465148,0.935778834,0.749415176,3.351504857,2017
26,27,Malta,Western Europe,6.52699995,0.8674200537,1.175132989,1.19894536,2.453679897,0.2928782195,2017
27,28,Uruguay,Latin America and Caribbean,6.453999996,0.5680945168,0.7367273283,1.135566069,-0.5235357352,0.538516344,2017
28,29,Guatemala,Latin America and Caribbean,6.453999996,-0.2546396618,-0.02708492687,0.8105051716,0.2839657439,-0.4524421109,2017
29,30,Panama,Latin America and Caribbean,6.452000141,0.6066380897,0.6809887498,0.9370380946,-0.2593635424,-0.513757337,2017
30,31,France,Western Europe,6.441999912,1.076089674,1.271247582,0.3975100056,-0.8612724283,0.4838827139,2017
31,32,Thailand,Southeastern Asia,6.423999786,0.354550504,0.4295505831,1.141031865,2.434254643,-0.9006648766,2017
33,34,Spain,Western Europe,6.402999878,0.9653174536,1.461136034,-0.01786748006,-0.4115148188,-0.5144435376,2017
34,35,Qatar,Middle East and Northern Africa,6.375,2.123304595,0.6978116653,1.302814816,0.6340010791,3.105741676,2017
35,36,Colombia,Latin America and Caribbean,6.356999874,0.2182531461,0.2067313409,0.4466278179,-0.7178464416,-0.7527068733,2017
36,37,Saudi Arabia,Middle East and Northern Africa,6.343999863,1.313464395,0.1859068939,0.2591100121,-0.7282647691,1.475737725,2017
37,38,Trinidad and Tobago,Latin America and Caribbean,6.168000221,0.910457127,-0.113533625,0.7247815602,0.595430099,-1.123229929,2017
38,39,Kuwait,Middle East and Northern Africa,6.105000019,1.557098002,0.3649667148,0.5740664011,-0.1272561872,0.903081693,2017
39,40,Slovakia,Central and Eastern Europe,6.09800005,0.8248348281,0.7090561951,-0.7815707532,-0.8107461651,-0.973404478,2017
40,41,Bahrain,Middle East and Northern Africa,6.086999893,1.212964046,0.4547041931,0.8472578508,-0.5416272955,1.314669499,2017
41,42,Malaysia,Southeastern Asia,6.084000111,0.7434605218,0.3081160204,-0.06192125145,1.275695412,-0.5666591382,2017
42,43,Nicaragua,Latin America and Caribbean,6.071000099,-0.5753517573,0.4545459735,0.244245297,0.4194476296,0.07296485447,2017
43,44,Ecuador,Latin America and Caribbean,6.007999897,0.05206260085,0.5934167434,0.2959392544,-0.7096665519,0.1657988856,2017
44,45,El Salvador,Latin America and Caribbean,6.002999783,-0.1646836554,0.2109590093,0.1421647972,-1.24497253,-0.3270701512,2017
45,46,Poland,Central and Eastern Europe,5.97300005,0.7448234443,0.6524774248,0.7363514452,-0.6474341156,-0.6285005832,2017
46,47,Uzbekistan,Central and Eastern Europe,5.971000195,-0.4583504528,-0.2061873551,1.668683011,1.271037143,1.211347113,2017
47,48,Italy,Western Europe,5.964000225,0.9907185596,1.308284451,-1.047713769,-0.5407246602,-0.9358917968,2017
48,49,Russia,Central and Eastern Europe,5.962999821,0.720991317,0.003255335393,-0.2544758981,-1.438625465,-0.8873967584,2017
49,50,Belize,Latin America and Caribbean,5.955999851,-0.1689911092,-0.4113801196,0.9200185327,-0.03990027194,-0.262209702,2017
50,51,Japan,Eastern Asia,5.920000076,1.042737525,1.565758874,0.6368585747,-0.9297332259,0.3979765845,2017
51,52,Lithuania,Central and Eastern Europe,5.90199995,0.7990945524,0.3514989706,-1.197927138,-1.752258453,-1.094722998,2017
52,53,Algeria,Middle East and Northern Africa,5.872000217,0.268828299,0.3029957593,-1.203984483,-1.310690287,0.224383221,2017
53,54,Latvia,Central and Eastern Europe,5.849999905,0.6709225059,0.3925411865,-0.5794932756,-0.6875976681,-0.4856633845,2017
54,55,South Korea,Eastern Asia,5.837999821,1.00646057,1.509162043,-1.037769237,-0.2882881695,-0.5894389171,2017
55,56,Moldova,Central and Eastern Europe,5.837999821,-0.5954192441,0.1829915324,-1.15400171,-0.2726080032,-1.112159911,2017
56,57,Romania,Central and Eastern Europe,5.824999809,0.5683902613,0.5913771859,0.3081458214,-0.8332787444,-1.168208075,2017
57,58,Bolivia,Latin America and Caribbean,5.822999954,-0.3456976147,-0.3113526438,0.9958965395,-0.1475874065,-0.6170035756,2017
58,59,Turkmenistan,Central and Eastern Europe,5.822000027,0.3614741048,-0.4645794261,0.04629537351,0.03392299643,1.33656612,2017
59,60,Kazakhstan,Central and Eastern Europe,5.818999767,0.7276058335,0.2537337553,0.1759796717,-0.3233766047,-0.03911500811,2017
61,62,Slovenia,Central and Eastern Europe,5.757999897,0.8624823689,1.042340447,1.089482773,-0.02028141408,-0.7678383935,2017
62,63,Peru,Latin America and Caribbean,5.715000153,0.1339767402,0.3566891841,0.2608157562,-0.8831943328,-0.7489691597,2017
63,64,Mauritius,Sub-Saharan Africa,5.629000187,0.5010388437,0.3901533932,0.5396531259,0.8609229968,-0.7968032394,2017
64,65,Cyprus,Western Europe,5.620999813,0.8975578972,1.272309587,-0.3807070015,0.192823445,-0.8060759527,2017
65,66,Estonia,Central and Eastern Europe,5.611000061,0.8140869837,0.6340964786,0.4577423542,-1.091260819,0.5894903844,2017
66,67,Belarus,Central and Eastern Europe,5.568999767,0.4228552861,0.3889021356,-0.7843912954,-0.6722306655,0.3247944527,2017
67,68,Libya,Middle East and Northern Africa,5.525000095,0.2924909835,-0.1127410008,0.3671624295,-0.6950558713,-0.30123205,2017
68,69,Turkey,Middle East and Northern Africa,5.5,0.5221783335,0.3884384148,-0.7482873873,-1.480127013,-0.231838738,2017
69,70,Paraguay,Latin America and Caribbean,5.493000031,-0.1105117437,0.1393994881,0.4197231611,-0.1580922121,-0.3164081234,2017
71,72,Philippines,Southeastern Asia,5.429999828,-0.2886928564,-0.3353419915,1.174929145,-0.3863353899,-0.2351769001,2017
72,73,Serbia,Central and Eastern Europe,5.394999981,0.2151466932,0.4446821768,-1.370432441,-0.188076223,-0.8093601531,2017
73,74,Jordan,Middle East and Northern Africa,5.335999966,0.02871084546,0.2475392798,0.04730419236,-0.5453375251,-0.03400108606,2017
74,75,Hungary,Central and Eastern Europe,5.323999882,0.7310716075,0.6024950382,-1.59253186,-1.243902157,-0.8512911655,2017
75,76,Jamaica,Latin America and Caribbean,5.31099987,-0.1270779786,0.4030200555,0.4251279076,-0.08606932987,-0.6682026154,2017
76,77,Croatia,Central and Eastern Europe,5.293000221,0.5799907128,0.6602154317,-1.052300298,0.01960427635,-0.787746959,2017
78,79,China,Eastern Asia,5.272999763,0.2433559532,0.8314637321,0.4148549603,-1.613376747,-0.9873254275,2017
79,80,Pakistan,Southern Asia,5.269000053,-0.6001503051,-0.6168422644,-1.191278242,0.5220456595,0.01066140287,2017
80,81,Indonesia,Southeastern Asia,5.262000084,0.03948721418,-0.2314813787,0.2156588725,2.729131201,-1.060804578,2017
81,82,Venezuela,Latin America and Caribbean,5.25,0.3558895853,0.301116202,-1.740361902,-1.343596456,-0.5775632252,2017
82,83,Montenegro,Central and Eastern Europe,5.236999989,0.3385039507,0.5158667532,-1.463231687,-0.3535738689,-0.3448255538,2017
83,84,Morocco,Middle East and Northern Africa,5.235000134,-0.2400861643,0.218180386,-0.02207864899,-1.588024015,-0.3488646334,2017
84,85,Azerbaijan,Central and Eastern Europe,5.234000206,0.4158178718,-0.0247983738,-0.08970154772,-1.490733394,0.5672670635,2017
85,86,Dominican Republic,Latin America and Caribbean,5.230000019,0.2390895119,0.1207201631,0.9543655205,-0.4350990109,-0.09156886059,2017
86,87,Greece,Western Europe,5.227000237,0.739346494,1.1250079,-2.134274384,-0.4350990109,-0.7859125514,2017
87,88,Lebanon,Middle East and Northern Africa,5.224999905,0.2286462106,0.8044305647,-0.8309331643,0.1421379912,-0.8426737913,2017
88,89,Portugal,Western Europe,5.195000172,0.8005062927,1.0637441,0.5884509853,-1.119481633,-1.05537687,2017
89,90,Bosnia and Herzegovina,Central and Eastern Europe,5.18200016,0.008228124223,0.6768498573,-1.399586541,0.6220338067,-1.05537687,2017
90,91,Honduras,Latin America and Caribbean,5.181000233,-0.5913658127,0.1535629406,-0.4282453989,-0.06840916066,-0.4905501838,2017
91,92,Macedonia,Central and Eastern Europe,5.175000191,0.2038621377,0.4197740361,-0.5781542282,0.06250049032,-0.6189683482,2017
92,93,Somalia,Sub-Saharan Africa,5.151000023,-2.27686745,-1.846178594,1.289266381,0.3446293643,1.563966774,2017
93,94,Vietnam,Southeastern Asia,5.073999882,-0.4533351421,0.4505899747,1.079205191,-0.07750411894,-0.3501416312,2017
94,95,Nigeria,Sub-Saharan Africa,5.073999882,-0.4647427353,-2.089748484,-0.1113576064,-0.1074589337,-0.9546275539,2017
95,96,Tajikistan,Central and Eastern Europe,5.040999889,-1.081494112,-0.07404994857,0.4066002552,0.02701441159,0.2271450099,2017
96,97,Bhutan,Southern Asia,5.011000156,-0.2227013812,-0.2164012954,0.6092221364,1.703657337,0.4925105948,2017
98,99,Nepal,Southern Asia,4.961999893,-1.188380358,-0.1811867501,0.1952586493,1.107978422,-0.4941853188,2017
99,100,Mongolia,Eastern Asia,4.954999924,0.1149548607,0.04778474182,-0.1168242077,0.6935281627,-0.8879922051,2017
100,101,South Africa,Sub-Saharan Africa,4.828999996,0.1803407976,-1.53425135,0.4585218869,-0.7897532057,-0.4987652608,2017
101,102,Tunisia,Middle East and Northern Africa,4.804999828,0.06740839286,0.2843350036,-0.8230590581,-1.457775077,-0.3590852289,2017
102,103,Palestinian Territories,Middle East and Northern Africa,4.775000095,-0.6254693861,0.08142879219,-1.05947486,-0.9774093218,-0.3339330353,2017
103,104,Egypt,Middle East and Northern Africa,4.735000134,0.02559048522,-0.1126631628,-0.874240446,-0.8696972096,-0.08728310909,2017
104,105,Bulgaria,Central and Eastern Europe,4.714000225,0.4345252744,0.6897867264,-0.8260943799,-0.9848255072,-1.102723418,2017
105,106,Sierra Leone,Sub-Saharan Africa,4.709000111,-1.453609488,-2.308896986,-0.6268866061,0.3551306175,-0.5126640435,2017
106,107,Cameroon,Sub-Saharan Africa,4.695000172,-0.9872306521,-1.765507106,0.1282123912,-0.06759278136,-0.7071295235,2017
107,108,Iran,Middle East and Northern Africa,4.691999912,0.423606568,0.3958111431,-1.09590406,1.056922634,-0.7321451652,2017
108,109,Albania,Central and Eastern Europe,4.644000053,0.04104469797,0.7876956621,-0.2023143018,-0.3282300318,-0.8195761358,2017
109,110,Bangladesh,Southern Asia,4.607999802,-0.9339520762,-0.05695409155,0.4525044345,-0.544705092,0.004468245217,2017
110,111,Namibia,Sub-Saharan Africa,4.573999882,-0.03456855022,-0.8875654166,0.7360907278,-1.253347967,-0.2959571944,2017
111,112,Kenya,Sub-Saharan Africa,4.552999973,-0.9963396972,-1.009720616,0.2794810205,1.486164301,-0.5760872204,2017
112,113,Mozambique,Sub-Saharan Africa,4.550000191,-1.772922899,-1.877480607,0.4689626684,0.5725712566,0.5520239222,2017
113,114,Myanmar,Southeastern Asia,4.545000076,-1.456729352,-0.6361543405,0.6968013941,4.415560798,0.6442010401,2017
114,115,Senegal,Sub-Saharan Africa,4.534999847,-1.189597395,-0.5856240359,-0.2264927098,-0.4611657555,-0.07667877724,2017
115,116,Zambia,Sub-Saharan Africa,4.513999939,-0.8155652853,-1.232289556,0.3392429094,0.031353966,-0.4427105394,2017
116,117,Iraq,Middle East and Northern Africa,4.497000217,0.2946514512,-0.1937776728,-0.8306657981,-0.3407136192,-0.1577008163,2017
117,118,Gabon,Sub-Saharan Africa,4.465000153,0.5220256363,-0.8108893227,-0.6699456624,-1.501788706,-0.4640036969,2017
118,119,Ethiopia,Sub-Saharan Africa,4.460000038,-1.523100654,-0.8244130288,-0.01745162183,0.5012212157,0.414633422,2017
119,120,Sri Lanka,Southern Asia,4.440000057,0.07356141174,0.3352003165,1.012665055,1.828882195,-0.4875183664,2017
120,121,Armenia,Central and Eastern Europe,4.375999928,-0.1865586749,0.3880919597,-1.440825613,-1.206008958,-0.9491945472,2017
121,122,India,Southern Asia,4.315000057,-0.4445885402,-0.3890352891,0.3959205165,-0.1030538825,-0.3049990508,2017
122,123,Mauritania,Sub-Saharan Africa,4.291999817,-0.7868743761,-1.114871787,-2.131794648,-0.3240798632,0.1345716353,2017
123,124,Congo (Brazzaville),Sub-Saharan Africa,4.290999889,-0.4047253279,-1.095205752,0.1595621372,-0.9276520359,-0.4289074528,2017
124,125,Georgia,Central and Eastern Europe,4.285999775,-0.06747637336,0.4394001349,-0.6896767649,-1.425625508,1.261843185,2017
125,126,Congo (Kinshasa),Sub-Saharan Africa,4.28000021,-2.111492983,-1.51578538,-1.186234248,0.008078275063,-0.6193264216,2017
126,127,Mali,Sub-Saharan Africa,4.190000057,-1.19704607,-1.609850368,-0.7085813895,-0.4620202118,-0.1797678164,2017
127,128,Ivory Coast,Sub-Saharan Africa,4.179999828,-0.8949865991,-2.125057226,0.2452887707,-0.3287923056,0.06681101496,2017
128,129,Cambodia,Southeastern Asia,4.168000221,-0.8980432408,-0.4984760682,1.500527596,1.047089226,-0.5420396799,2017
129,130,Sudan,Sub-Saharan Africa,4.138999939,-0.760543179,-1.091094332,-2.680094413,-0.4697438438,-0.3283814884,2017
130,131,Ghana,Sub-Saharan Africa,4.119999886,-0.7421909821,-1.070964194,0.0784377485,0.08606425636,-0.962343814,2017
131,132,Ukraine,Central and Eastern Europe,4.096000195,-0.2007125483,0.1251167349,-1.950091705,0.1839369665,-0.9850141134,2017
132,133,Uganda,Sub-Saharan Africa,4.080999851,-1.422634648,-1.403863517,0.214729236,0.5989285186,-0.6504946581,2017
133,134,Burkina Faso,Sub-Saharan Africa,4.032000065,-1.496925489,-1.411495577,-0.5885529001,0.04092360988,-0.02884345277,2017
134,135,Niger,Sub-Saharan Africa,4.027999878,-1.945252308,-1.186757414,-0.3229230585,-0.1243950853,0.1504517746,2017
135,136,Malawi,Sub-Saharan Africa,3.970000029,-1.774979062,-0.9879502856,0.3751495669,0.31139671,-0.4967786326,2017
136,137,Chad,Sub-Saharan Africa,3.936000109,-1.287918615,-2.157096489,-1.683945315,-0.2179653189,-0.6847702365,2017
137,138,Zimbabwe,Sub-Saharan Africa,3.875,-1.435929954,-1.492924682,-0.5073150772,-0.4188907624,-0.2740582299,2017
138,139,Lesotho,Sub-Saharan Africa,3.808000088,-1.090285275,-1.492924682,-0.1403691573,-0.6546507576,-0.04096493802,2017
139,140,Angola,Sub-Saharan Africa,3.795000076,-0.2869572731,-2.119822959,-0.1403691573,-1.09844488,-0.5261748433,2017
140,141,Afghanistan,Southern Asia,3.79399991,-1.374906178,-1.561279684,-2.063637773,0.4954117567,-0.610320076,2017
141,142,Botswana,Sub-Saharan Africa,3.766000032,0.3408017892,-0.8741491829,0.6339568353,-1.087851487,-0.2425344461,2017
142,143,Benin,Sub-Saharan Africa,3.657000065,-1.304412404,-1.43673472,0.09829014299,-0.2787963448,-0.6125686787,2017
143,144,Madagascar,Sub-Saharan Africa,3.644000053,-1.602682187,-0.7313199976,-1.502391065,-0.2729551365,-0.5506283892,2017
144,145,Haiti,Latin America and Caribbean,3.602999926,-1.453158705,-1.149133199,-2.576156875,1.816517057,-0.2298677052,2017
145,146,Yemen,Middle East and Northern Africa,3.592999935,-0.922046514,-1.009325576,-1.094950044,-1.052265276,-0.6534653749,2017
146,147,South Sudan,Sub-Saharan Africa,3.59100008,-1.38497398,-1.634942801,-1.787244577,0.3002245027,-0.06357851169,2017
147,148,Liberia,Sub-Saharan Africa,3.532999992,-2.047353193,-1.351432796,-0.5309976387,0.1577761951,-0.8285775026,2017
148,149,Guinea,Sub-Saharan Africa,3.506999969,-1.748532419,-1.504168322,-0.4248133596,0.1448522248,-0.121125419,2017
149,150,Togo,Sub-Saharan Africa,3.494999886,-1.603548772,-1.278082939,-0.2095650236,-0.3611345358,-0.2712119474,2017
150,151,Rwanda,Sub-Saharan Africa,3.470999956,-1.452835784,-0.9395754052,1.152140356,0.05501386809,3.262197745,2017
151,152,Syria,Middle East and Northern Africa,3.461999893,-0.4804640263,-0.1965393934,-2.230219565,1.849743051,0.2759859125,2017
152,153,Tanzania,Sub-Saharan Africa,3.348999977,-1.113821232,-0.7770438094,-0.1447197515,0.8111773672,-0.5623902269,2017
153,154,Burundi,Sub-Saharan Africa,2.904999971,-2.112635286,-1.685622168,-2.376510186,-0.3049697715,-0.3843922056,2017
154,155,Central African Republic,Sub-Saharan Africa,2.693000078,-2.112635286,-2.252530024,-0.9504196679,0.2645074088,-0.6554538702,2017
,1,Finland,Western Europe,7.632,1.124388728,1.133143018,1.395753572,0.2203022317,2.92984695,2018
1,2,Norway,Western Europe,7.594,1.528480327,1.079835573,1.427005802,1.07509376,2.376106984,2018
2,3,Denmark,Western Europe,7.555,1.24748948,1.108539582,1.408254464,1.054741581,3.086565809,2018
3,4,Iceland,Western Europe,7.495,1.226080654,1.297165924,1.370751788,1.756891765,0.2656263566,2018
4,5,Switzerland,Western Europe,7.487,1.432140608,1.350473369,1.264494206,0.7698110716,2.55372169,2018
5,6,Netherlands,Western Europe,7.441,1.274250513,1.149545308,1.126984393,1.553369973,1.905950408,2018
6,7,Canada,North America,7.328,1.191291311,1.223355616,1.220741084,1.431256897,1.864158713,2018
7,8,New Zealand,Australia and New Zealand,7.324,1.025372906,1.141344163,1.32074822,1.879004841,2.888055255,2018
8,9,Sweden,Western Europe,7.314,1.258193894,1.293065352,1.25824376,1.064917671,2.825367711,2018
9,10,Australia,Australia and New Zealand,7.272,1.218052344,1.280763634,1.183238408,1.838300482,1.979085876,2018
10,11,United Kingdom,Western Europe,7.19,0.9611464268,1.190551035,0.03940678552,0.8308676094,-0.3194573817,2018
11,12,Austria,Western Europe,7.139,1.220728447,1.202852753,0.9957250269,0.6273458168,1.164147812,2018
12,13,Costa Rica,Latin America and Caribbean,7.072,0.3349382538,0.8994103758,1.089481717,-0.3800870563,-0.1209468276,2018
13,14,Ireland,Western Europe,6.977,1.507071501,1.141344163,0.9769736888,1.288791643,2.020877571,2018
14,15,Germany,Western Europe,6.965,1.218052344,1.079835573,0.8019612002,0.9428045953,1.74923155,2018
15,16,Belgium,Western Europe,6.927,1.175234691,1.215154471,0.7832098621,0.07783697695,1.331314594,2018
16,17,Luxembourg,Western Europe,6.91,1.849612724,1.223355616,1.089481717,0.159245694,2.17759643,2018
17,18,United States,North America,6.886,1.373266336,0.9076115211,0.5581938053,1.125974209,0.2133867371,2018
18,19,Israel,Middle East and Northern Africa,6.814,1.113684315,1.170048172,0.470687561,1.767067855,1.665648159,2018
20,21,Czech Republic,Central and Eastern Europe,6.711,0.9317092905,1.051131564,0.5331920213,-1.183998137,-0.8209577287,2018
21,22,Malta,Western Europe,6.627,1.030725113,1.174148744,1.170737516,1.990941827,0.3074180521,2018
22,23,France,Western Europe,6.489,1.092275489,1.272562488,0.3894317628,-0.8380110895,0.6626474646,2018
23,24,Mexico,Latin America and Caribbean,6.488,0.4098691463,0.6697783064,0.1331634758,-1.133117689,-0.183634371,2018
24,25,Chile,Latin America and Caribbean,6.476,0.6587467536,0.8625052218,-0.1668579332,0.1694217836,-0.5388637835,2018
26,27,Panama,Latin America and Caribbean,6.43,0.6079007908,0.6615771611,0.8707161065,-0.5632566696,-0.5179679357,2018
27,28,Brazil,Latin America and Caribbean,6.419,0.2707117746,0.317129057,0.2206697202,-0.715898014,-0.2567698383,2018
28,29,Argentina,Latin America and Caribbean,6.388,0.503532762,0.600068571,0.7019540639,-1.204350316,-0.6119992508,2018
29,30,Guatemala,Latin America and Caribbean,6.382,-0.2778894026,0.0423906883,0.9144692286,-0.0137478297,-0.4343845445,2018
30,31,Uruguay,Latin America and Caribbean,6.379,0.557054828,0.7107840331,1.045728595,-0.5123762214,0.4432410628,2018
31,32,Qatar,Middle East and Northern Africa,6.374,2.044968265,0.6164708617,1.22699153,0.7698110716,0.6104078452,2018
32,33,Saudi Arabia,Middle East and Northern Africa,6.371,1.322420373,0.144905005,0.3206768565,-0.8380110895,0.1506991937,2018
33,34,Singapore,Southeastern Asia,6.343,1.723835868,1.682619755,1.083231271,0.8206915198,3.59851408,2018
34,35,Malaysia,Southeastern Asia,6.322,0.7390298527,0.292525621,-0.6356413849,1.329496001,-0.5597596313,2018
35,36,Spain,Western Europe,6.31,0.97987915,1.506295131,-0.05434990481,-0.3902631459,-0.4030407728,2018
36,37,Colombia,Latin America and Caribbean,6.26,0.2011330887,0.1531061503,0.458186669,-0.8278349999,-0.7687181092,2018
37,38,Trinidad and Tobago,Latin America and Caribbean,6.192,0.9049482575,-0.1380345091,0.733206294,-0.09515654671,-0.9776765872,2018
38,39,Slovakia,Central and Eastern Europe,6.173,0.8701589145,0.7312868964,-0.6481422769,-0.634489297,-1.029916207,2018
39,40,El Salvador,Latin America and Caribbean,6.167,-0.21098682,0.169508441,0.02065544745,-1.173822047,-0.3194573817,2018
40,41,Nicaragua,Latin America and Caribbean,6.141,-0.5802890759,0.4196433737,0.4331848849,0.2813587695,0.1611471176,2018
41,42,Poland,Central and Eastern Europe,6.123,0.7791714022,0.7517897597,0.5519433593,-0.7362501932,-0.5075200118,2018
42,43,Bahrain,Middle East and Northern Africa,6.105,1.212700137,0.4114422284,0.8519647684,0.6375219065,0.1089074981,2018
43,44,Uzbekistan,Central and Eastern Europe,6.096,-0.4438078074,0.0300889703,1.664522751,1.502489525,1.529825148,2018
44,45,Kuwait,Middle East and Northern Africa,6.083,1.576650187,0.317129057,0.6019469275,-0.1358609052,-0.06870720814,2018
45,46,Thailand,Southeastern Asia,6.072,0.3509948737,0.4483473824,1.120733947,1.868828751,-0.8731973482,2018
46,47,Italy,Western Europe,6,1.014668493,1.42838425,-1.104424837,-0.441143594,-0.8836452721,2018
47,48,Ecuador,Latin America and Caribbean,5.973,0.01112975414,0.5672639897,0.6144478195,-0.6751936555,0.07756372641,2018
48,49,Belize,Latin America and Caribbean,5.956,-0.2083107167,-0.5070860491,0.8457143224,0.02695652881,-0.2463219144,2018
49,50,Lithuania,Central and Eastern Europe,5.952,0.8353695716,0.4852525364,-0.673144061,-1.570689543,-1.113499598,2018
50,51,Slovenia,Central and Eastern Europe,5.948,0.8942438443,1.05933271,1.095732163,-0.2070935326,-0.6433430225,2018
51,52,Romania,Central and Eastern Europe,5.945,0.618605204,0.526258263,0.4394353309,-0.9397719858,-1.165739217,2018
52,53,Latvia,Central and Eastern Europe,5.933,0.7042405097,0.3007267663,-0.5918882627,-0.8990676273,-0.486624164,2018
53,54,Japan,Eastern Asia,5.915,1.094951592,1.600608302,0.5956964815,-1.031356792,0.3910014433,2018
54,55,Mauritius,Sub-Saharan Africa,5.891,0.5490265181,0.354034211,0.7894603082,0.6578740857,-0.6537909464,2018
55,56,Jamaica,Latin America and Caribbean,5.89,-0.1761974771,0.390939365,0.733206294,-0.8583632688,-0.8523015004,2018
56,57,South Korea,Eastern Asia,5.875,1.0200207,1.465289404,-1.335691339,-0.0544521882,-0.6433430225,2018
57,58,Cyprus,Western Europe,5.835,0.9210048773,1.276663061,0.2331706122,-0.0137478297,0.4327931389,2018
58,59,Russia,Central and Eastern Europe,5.81,0.7122688196,0.005485534297,-0.3668722059,-1.173822047,-0.9149890438,2018
59,60,Kazakhstan,Central and Eastern Europe,5.79,0.6908599932,0.1367038596,-0.0230976747,-0.3292066081,0.08801165031,2018
60,61,Cyprus,Western Europe,5.762,0.9210048773,1.276663061,-0.2168615014,0.2203022317,-0.8105098048,2018
61,62,Bolivia,Latin America and Caribbean,5.752,-0.3581725017,-0.3676665784,0.9269701206,-0.4004392355,-0.6119992508,2018
62,63,Estonia,Central and Eastern Europe,5.739,0.8433978815,0.5713645624,0.5956964815,-0.960124165,0.6417516168,2018
63,64,Paraguay,Latin America and Caribbean,5.681,-0.1333798242,0.07109469697,0.5206911292,-0.1867413534,-0.4030407728,2018
64,65,Peru,Latin America and Caribbean,5.663,0.1315544028,0.3130284843,0.451936223,-0.8990676273,-0.8209577287,2018
66,67,Moldova,Central and Eastern Europe,5.64,-0.6097262123,0.09159756031,-1.410696692,-0.09515654671,-0.8209577287,2018
67,68,Turkmenistan,Central and Eastern Europe,5.636,0.3509948737,-0.3307614244,-0.2543641775,0.1897739629,-0.789613957,2018
68,69,Hungary,Central and Eastern Europe,5.62,0.7657908857,0.550861699,-1.241934649,-1.214526406,-0.9463328155,2018
69,70,Libya,Middle East and Northern Africa,5.566,0.2680356713,-0.1831408084,0.2394210582,-0.6548414762,0.3701055955,2018
70,71,Philippines,Southeastern Asia,5.524,-0.2939460225,-0.3471637151,1.158236623,-0.6141371177,-0.07915513204,2018
71,72,Honduras,Latin America and Caribbean,5.504,-0.7087420345,0.09979870564,0.008154555406,0.1694217836,-0.4030407728,2018
72,73,Belarus,Central and Eastern Europe,5.483,0.4125452496,0.4196433737,-0.9419132399,-0.8074828206,0.4327931389,2018
73,74,Turkey,Middle East and Northern Africa,5.483,0.7042405097,0.3622353563,-0.8356556576,-0.7566023725,-0.03736343645,2018
74,75,Pakistan,Southern Asia,5.472,-0.6231067288,-0.7121146825,-0.7731511974,0.3627674865,0.004428259135,2018
76,77,Portugal,Western Europe,5.41,0.8112846419,1.174148744,0.6519504957,-1.275582943,-0.998572435,2018
77,78,Serbia,Central and Eastern Europe,5.398,0.2412746382,0.3581347837,-1.060671714,-0.4716718629,-0.7269264136,2018
78,79,Greece,Western Europe,5.358,0.7202971295,1.153645881,-2.04199174,-0.4716718629,-0.7164784898,2018
79,80,Lebanon,Middle East and Northern Africa,5.358,0.2145136052,0.7681920504,0.2831741804,0.3424153073,0.2447305088,2018
80,81,Montenegro,Central and Eastern Europe,5.347,0.353670977,0.538559981,-1.241934649,-0.7057219244,-0.3299053056,2018
81,82,Croatia,Central and Eastern Europe,5.321,0.6159291007,0.5713645624,-0.4856306803,-0.6141371177,-0.7687181092,2018
82,83,Dominican Republic,Latin America and Caribbean,5.302,0.2600073614,0.06699412431,0.751957632,-0.6141371177,-0.06870720814,2018
83,84,Algeria,Middle East and Northern Africa,5.295,0.2519790514,0.366335929,-2.379515825,-1.275582943,0.2342825849,2018
84,85,Morocco,Middle East and Northern Africa,5.254,-0.2832416092,0.292525621,0.01440500143,-1.570689543,-0.4030407728,2018
85,86,China,Eastern Asia,5.246,0.2787400845,0.8256000677,0.8707161065,-1.540161274,-0.1000509798,2018
86,87,Azerbaijan,Central and Eastern Europe,5.201,0.3724037001,0.02188782497,-0.1731083792,-1.519809095,0.6626474646,2018
87,88,Tajikistan,Central and Eastern Europe,5.199,-1.099453117,0.001384961629,-1.03566993,0.06766088732,-0.8209577287,2018
88,89,Macedonia,Central and Eastern Europe,5.185,0.1984569854,0.3827382197,-0.398124436,-0.07480436746,-0.6328950986,2018
89,90,Jordan,Middle East and Northern Africa,5.161,-0.1681691672,0.194111877,0.0644085696,-0.5123762214,0.223834661,2018
90,91,Nigeria,Sub-Saharan Africa,5.155,-0.5240909065,-2.253930005,0.02690589347,0.2101261421,-0.8418535765,2018
92,93,Bosnia and Herzegovina,Central and Eastern Europe,5.129,0.08070844002,0.6574765884,-1.110675283,0.3627674865,-0.8418535765,2018
93,94,Mongolia,Eastern Asia,5.125,0.07803233672,-0.09292820972,-0.39187399,0.7392828027,-0.8418535765,2018
94,95,Vietnam,Southeastern Asia,5.103,-0.4545122207,0.427844519,1.001975473,-0.03410000895,-0.3508011534,2018
95,96,Indonesia,Southeastern Asia,5.093,0.03789078717,-0.3102585611,0.5019397911,3.089959507,-0.9881245111,2018
96,97,Bhutan,Southern Asia,5.082,-0.2377478531,-0.2897556977,0.5206911292,1.868828751,0.6104078452,2018
97,98,Somalia,Sub-Saharan Africa,4.982,-0.2377478531,-1.979191637,1.35200045,0.5866414583,1.770127398,2018
98,99,Cameroon,Sub-Saharan Africa,4.975,-0.9362108153,-1.704453268,-0.0230976747,0.02695652881,-0.7269264136,2018
99,100,Bulgaria,Central and Eastern Europe,4.933,0.4526867992,0.4688502457,-0.6168900468,-1.183998137,-1.082155826,2018
100,101,Nepal,Southern Asia,4.88,-1.230582179,-0.2405488257,0.4269344389,1.237911194,-0.3612490773,2018
101,102,Venezuela,Latin America and Caribbean,4.806,0.2974728076,0.243318749,-2.029490848,-1.265406854,-0.6328950986,2018
102,103,Gabon,Sub-Saharan Africa,4.758,0.4045169397,-0.7941261358,-0.6356413849,-1.509633005,-0.6328950986,2018
103,104,Palestinian Territories,Middle East and Northern Africa,4.743,-0.6498677618,0.0177872523,-1.198181527,-0.960124165,-0.3821449251,2018
104,105,South Africa,Sub-Saharan Africa,4.724,0.1476110226,-1.097568513,0.3644299787,-0.7871306414,-0.591103403,2018
105,106,Iran,Middle East and Northern Africa,4.707,0.4660673157,0.3827382197,0.008154555406,1.034389402,0.1715950415,2018
106,107,Ivory Coast,Sub-Saharan Africa,4.671,-0.9201541955,-2.12271168,0.05815812358,-0.3495587874,-0.1000509798,2018
107,108,Ghana,Sub-Saharan Africa,4.657,-0.783672927,-1.068864505,0.2581723963,0.322063128,-0.8731973482,2018
108,109,Senegal,Sub-Saharan Africa,4.631,-1.219877765,-0.6752095285,-0.3231190838,-0.4309675044,-0.3194573817,2018
109,110,Laos,Southeastern Asia,4.623,-0.4411317041,-0.6424049471,1.051979041,0.5052327413,0.6417516168,2018
110,111,Tunisia,Middle East and Northern Africa,4.592,0.04056689047,0.378637647,-1.166929297,-1.428224288,-0.5179679357,2018
111,112,Albania,Central and Eastern Europe,4.586,0.08338454333,0.7886949137,-0.2418632855,-0.3190305185,-0.8418535765,2018
112,113,Sierra Leone,Sub-Saharan Africa,4.571,-1.682843637,0.7886949137,-0.6418918309,0.5866414583,-0.6224471747,2018
113,114,Congo (Brazzaville),Sub-Saharan Africa,4.559,-0.5428236297,-1.044261069,0.3519290866,-0.9092437169,-0.3716970012,2018
114,115,Bangladesh,Southern Asia,4.5,-0.9442391252,-0.07652591905,0.7644585241,-0.27832616,0.3283138999,2018
115,116,Sri Lanka,Southern Asia,4.471,0.08873674994,0.304827339,0.7957107542,1.288791643,-0.6537909464,2018
116,117,Iraq,Middle East and Northern Africa,4.456,0.3349382538,-0.2528505437,-0.960664578,-0.3292066081,-0.183634371,2018
117,118,Mali,Sub-Saharan Africa,4.447,-1.37776786,-1.827470448,-0.5668864786,-0.4207914148,-0.591103403,2018
118,119,Namibia,Sub-Saharan Africa,4.441,-0.02901179542,-0.9540484698,0.3831813167,-1.316287302,-0.5075200118,2018
119,120,Cambodia,Southeastern Asia,4.433,-0.898745369,-0.5767957845,1.489510263,0.7698110716,-0.4970720879,2018
120,121,Burkina Faso,Sub-Saharan Africa,4.424,-1.527629645,-1.409212036,-0.9106610098,-0.0544521882,0.1611471176,2018
121,122,Egypt,Middle East and Northern Africa,4.419,0.0004253409224,-0.1831408084,-0.9106610098,-0.8990676273,-0.05825928425,2018
122,123,Mozambique,Sub-Saharan Africa,4.417,-1.838057629,-1.741358422,0.458186669,0.2610065902,0.4745848345,2018
123,124,Kenya,Sub-Saharan Africa,4.41,-1.048607154,-0.5890975025,0.2894246264,1.746715676,-0.6015513269,2018
124,125,Zambia,Sub-Saharan Africa,4.377,-0.8639560261,-1.241088557,0.2831741804,0.4136479347,-0.3194573817,2018
125,126,Mauritania,Sub-Saharan Africa,4.356,-0.8773365426,-1.253390275,-2.054492632,-0.4716718629,-0.2045302188,2018
126,127,Ethiopia,Sub-Saharan Africa,4.35,-1.543686265,-0.8474335805,-0.03559856675,0.403471845,0.3492097477,2018
127,128,Georgia,Central and Eastern Europe,4.34,-0.08520996479,0.1859107317,-0.5168829104,-1.448576467,1.070116497,2018
128,129,Armenia,Central and Eastern Europe,4.321,-0.184225787,0.280223903,-1.235684203,-1.051708972,-0.8836452721,2018
129,130,Myanmar,Southeastern Asia,4.308,-0.5428236297,-0.6916118191,0.7644585241,4.250033724,0.6835433124,2018
130,131,Chad,Sub-Saharan Africa,4.301,-1.4098811,-2.233427142,-1.679465871,0.00660434956,-0.5493117074,2018
131,132,Congo (Kinshasa),Sub-Saharan Africa,4.245,-2.183274955,-1.614240669,-0.9106610098,0.1694217836,-0.6328950986,2018
132,133,India,Southern Asia,4.19,-0.4384556008,-0.4619797498,0.5081902372,-0.08498045709,-0.2045302188,2018
133,134,Niger,Sub-Saharan Africa,4.166,-2.01735655,-1.544530934,-0.4231262201,-0.0544521882,-0.1418426754,2018
134,135,Uganda,Sub-Saharan Africa,4.161,-1.506220819,-1.478921771,-0.04809945879,0.8003393405,-0.5388637835,2018
135,136,Benin,Sub-Saharan Africa,4.141,-1.356359034,-1.466620053,-0.110603919,-0.1765652637,-0.4761762401,2018
136,137,Sudan,Sub-Saharan Africa,4.139,-0.748883584,-1.171378821,-2.760793032,-0.4716718629,-0.3194573817,2018
137,138,Ukraine,Central and Eastern Europe,4.103,-0.245776163,0.04649126097,-1.841977467,0.06766088732,-1.061259978,2018
138,139,Togo,Sub-Saharan Africa,3.999,-1.674815327,-1.413312609,-0.1481065951,-0.2274457119,-0.1209468276,2018
139,140,Guinea,Sub-Saharan Africa,3.964,-1.447346546,-1.585536661,-0.398124436,0.04730870807,-0.1940822949,2018
140,141,Lesotho,Sub-Saharan Africa,3.808,-1.104805323,-2.126812253,-0.2168615014,-0.6548414762,-0.006019664762,2018
141,142,Angola,Sub-Saharan Africa,3.795,-0.4143706711,-1.347703446,-0.2168615014,-1.031356792,-0.5388637835,2018
142,143,Madagascar,Sub-Saharan Africa,3.774,-1.666787017,-0.8023272812,-1.479451598,-0.2579739808,-0.6642388703,2018
143,144,Zimbabwe,Sub-Saharan Africa,3.692,-1.412557203,-1.433815472,-0.3231190838,-0.4920240422,-0.1418426754,2018
144,145,Afghanistan,Southern Asia,3.632,-1.479459786,-1.405111463,-2.329512257,0.1083652458,-0.8000618809,2018
145,146,Botswana,Sub-Saharan Africa,3.59,0.353670977,-0.7408186911,0.6206982656,-1.407872109,-0.2149781427,2018
146,147,Malawi,Sub-Saharan Africa,3.587,-1.870170868,-1.195982257,0.458186669,0.3017109488,-0.3403532295,2018
147,148,Haiti,Latin America and Caribbean,3.582,-1.524953542,-1.265691993,-2.704539018,2.153759261,-0.08960305594,2018
148,149,Liberia,Sub-Saharan Africa,3.495,-2.164542232,-1.355904591,-0.2418632855,0.2610065902,-0.8627494243,2018
149,150,Syria,Middle East and Northern Africa,3.462,-0.5240909065,-0.2405488257,-2.310760919,1.990941827,0.3283138999,2018
150,151,Rwanda,Sub-Saharan Africa,3.408,-1.479459786,-0.8105284265,1.114483501,0.1999500525,3.462691069,2018
151,152,Yemen,Middle East and Northern Africa,3.355,-1.185088422,-1.044261069,-1.335691339,-0.9906524339,-0.5075200118,2018
152,153,Tanzania,Sub-Saharan Africa,3.303,-1.15029908,-0.8884393072,0.1456643679,0.9122763264,-0.1627385232,2018
153,154,South Sudan,Sub-Saharan Africa,3.254,-1.466079269,-1.724956131,-2.160750214,0.4441762035,-0.06870720814,2018
154,155,Central African Republic,Sub-Saharan Africa,3.083,-2.303699603,-2.409751767,-0.954414132,0.3831196658,-0.7791660331,2018
155,156,Burundi,Sub-Saharan Africa,2.905,-2.124400682,-1.856174457,-2.454521177,-0.3190305185,-0.3821449251,2018
,1,Finland,Western Europe,7.769,1.108305953,1.107649166,1.433456132,-0.3206266028,3.006198519,2019
1,2,Denmark,Western Europe,7.6,1.217621254,1.150037613,1.405087493,0.7255115408,3.187457082,2019
2,3,Norway,Western Europe,7.554,1.484553965,1.285680643,1.48310125,0.926285528,2.451760562,2019
3,4,Iceland,Western Europe,7.494,1.209994605,1.277202954,1.397995333,1.80335084,0.07407470683,2019
4,5,Netherlands,Western Europe,7.488,1.250670066,1.162754147,1.156861901,1.465205178,1.99328302,2019
5,6,Switzerland,Western Europe,7.48,1.393034178,1.387412917,1.263244298,0.8417491124,2.473085099,2019
6,7,Sweden,Western Europe,7.343,1.227790119,1.205142594,1.277428617,0.8840173202,2.792953151,2019
7,8,New Zealand,Australia and New Zealand,7.307,1.01424395,1.277202954,1.355442375,1.549741593,2.86758903,2019
8,9,Canada,North America,7.278,1.17186136,1.332307935,1.348350215,1.074224255,2.099905704,2019
9,10,Austria,Western Europe,7.246,1.19982574,1.234814507,0.9795579074,0.6409751252,1.225599695,2019
10,11,Australia,Australia and New Zealand,7.228,1.189656875,1.319591401,1.156861901,1.570875697,1.907984873,2019
11,12,Costa Rica,Latin America and Caribbean,7.167,0.3303877675,1.010155737,1.163954061,-0.4157300704,-0.1924820034,2019
12,13,Israel,Middle East and Northern Africa,7.139,0.9456041104,1.289919488,-0.1622798134,0.8206150084,-0.3097669559,2019
13,14,Luxembourg,Western Europe,7.09,1.792162136,1.217859128,0.9370049489,0.1126225274,2.185203852,2019
14,15,United Kingdom,Western Europe,7.054,1.090510439,1.150037613,0.3980008074,1.739948529,1.780037652,2019
15,16,Ireland,Western Europe,7.021,1.512518344,1.162754147,0.8660833513,1.211595931,2.121230241,2019
16,17,Germany,Western Europe,6.985,1.192199091,1.11188801,0.7171479964,0.8206150084,1.641428163,2019
17,18,Belgium,Western Europe,6.923,1.148981414,1.107649166,0.5611204818,-0.2466572391,1.0550034,2019
18,19,United States,North America,6.892,1.344732068,0.6328985577,0.4263694464,1.021388996,0.1806973909,2019
19,20,Czech Republic,Central and Eastern Europe,6.852,0.9278085963,0.8278854145,0.4476459257,-1.451301162,-0.8002313026,2019
20,21,United Arab Emirates,Middle East and Northern Africa,6.825,1.522687209,0.4251951667,1.447640451,0.8311820604,0.7564598849,2019
21,22,Malta,Western Europe,6.726,1.006617301,1.162754147,1.20650702,2.025258931,0.4259295643,2019
22,23,Mexico,Latin America and Caribbean,6.595,0.421907554,0.5777935764,0.2774340915,-1.155423707,-0.4057273715,2019
23,24,France,Western Europe,6.592,1.067630492,1.357741004,0.2987105708,-0.7644427849,0.7671221534,2019
25,26,Chile,Latin America and Caribbean,6.444,0.6481648041,0.8278854145,-0.26157005,0.03865316373,-0.5869859345,2019
26,27,Guatemala,Latin America and Caribbean,6.436,-0.2644908451,0.09032643438,1.000834387,-0.08815145973,-0.3524160295,2019
27,28,Saudi Arabia,Middle East and Northern Africa,6.375,1.26846558,0.2980298253,0.3199870501,-1.092021396,0.2233464645,2019
28,29,Qatar,Middle East and Northern Africa,6.374,1.982828358,0.6201820235,1.142677582,0.3873658783,0.5965258588,2019
29,30,Spain,Western Europe,6.354,0.9710262733,1.429801364,-0.2261092512,-0.3206266028,-0.3417537611,2019
30,31,Panama,Latin America and Caribbean,6.321,0.6227426412,0.7854969673,0.8660833513,-0.7855768888,-0.6083104713,2019
31,32,Brazil,Latin America and Caribbean,6.3,0.2541212787,0.3277017383,-0.027528778,-0.8912474084,-0.2671178822,2019
32,33,Uruguay,Latin America and Caribbean,6.293,0.5591872338,0.7049589178,0.9157284696,-0.5953699536,0.4152672959,2019
33,34,Singapore,Southeastern Asia,6.262,1.698100133,1.764670096,1.149769742,0.926285528,3.645934624,2019
34,35,El Salvador,Latin America and Caribbean,6.253,-0.2797441429,0.272596757,0.2561576123,-0.9546497201,-0.3950651031,2019
35,36,Italy,Western Europe,6.223,0.9913640037,1.332307935,-1.155182179,-0.267791343,-0.8642049131,2019
36,37,Bahrain,Middle East and Northern Africa,6.199,1.164234712,0.6201820235,1.007926546,0.7572126967,-0.01122344043,2019
37,38,Slovakia,Central and Eastern Europe,6.198,0.8693376216,0.6625704706,-0.4246897244,-0.6587722653,-1.034801208,2019
38,39,Trinidad and Tobago,Latin America and Caribbean,6.192,0.8312043772,-0.04955544115,0.6745950379,0.01751905982,-1.013476671,2019
39,40,Poland,Central and Eastern Europe,6.182,0.7676489699,0.6752870048,0.6320420794,-0.7010404732,-0.6509595449,2019
40,41,Uzbekistan,Central and Eastern Europe,6.174,-0.4043127412,0.1327148815,1.681681723,1.465205178,1.374871453,2019
41,42,Lithuania,Central and Eastern Europe,6.149,0.8489998912,0.3955232537,-0.7296525939,-1.483002318,-0.7362576922,2019
42,43,Colombia,Latin America and Caribbean,6.125,0.2058191691,0.4930166821,0.5398440025,-0.8912474084,-0.8215558394,2019
43,44,Slovenia,Central and Eastern Europe,6.118,0.8998442171,0.96776729,1.20650702,-0.4157300704,-0.5763236661,2019
44,45,Nicaragua,Latin America and Caribbean,6.105,-0.5339657722,0.4675836138,0.291618411,0.1760248392,0.1700351225,2019
46,47,Argentina,Latin America and Caribbean,6.086,0.4778363125,0.6625704706,0.5469361623,-1.239960123,-0.6509595449,2019
47,48,Romania,Central and Eastern Europe,6.07,0.655791453,0.4251951667,0.4831067245,-1.06032024,-1.130761623,2019
48,49,Cyprus,Western Europe,6.046,0.9125552986,1.345024469,0.0859457781,0.0703543196,-0.7469199606,2019
49,50,Ecuador,Latin America and Caribbean,6.028,0.0202373797,0.6074654894,0.7384244757,-0.6059370056,-0.2564556138,2019
50,51,Kuwait,Middle East and Northern Africa,6.021,1.51506056,0.3531348066,0.7029636769,-0.4368641743,-0.1498329297,2019
51,52,Thailand,Southeastern Asia,6.008,0.3710632281,0.4379117009,1.156861901,1.8561861,-0.8855294499,2019
52,53,Latvia,Central and Eastern Europe,5.94,0.7193468603,0.3700901854,-0.9211409073,-1.144856655,-0.5016877872,2019
53,54,South Korea,Eastern Asia,5.895,1.009159518,1.319591401,-1.665817682,-0.08815145973,-0.5869859345,2019
54,55,Estonia,Central and Eastern Europe,5.893,0.846457675,0.6328985577,0.7171479964,-0.8489792005,0.5325522484,2019
55,56,Jamaica,Latin America and Caribbean,5.89,-0.18568214,0.450628235,0.6816871977,-0.8067109927,-0.8855294499,2019
56,57,Mauritius,Sub-Saharan Africa,5.888,0.5490183687,0.3107463595,0.7384244757,0.3345306185,-0.5443368608,2019
57,58,Japan,Eastern Asia,5.886,1.075257141,1.540011326,0.3625400086,-1.208258967,0.3086446118,2019
58,59,Honduras,Latin America and Caribbean,5.86,-0.6661610194,0.4379117009,0.8022539135,0.6621092291,-0.3524160295,2019
59,60,Kazakhstan,Central and Eastern Europe,5.809,0.6837558322,0.01826607426,0.1143144171,-0.3945959664,-0.1604951981,2019
60,61,Bolivia,Latin America and Caribbean,5.779,-0.3255040362,-0.07922735414,0.8306225525,-0.489699434,-0.5016877872,2019
61,62,Hungary,Central and Eastern Europe,5.758,0.7549378884,0.4379117009,-1.382131292,-1.081454344,-0.9708275972,2019
62,63,Paraguay,Latin America and Caribbean,5.743,-0.124668949,0.2217306205,0.8518990318,0.006952007866,-0.3310914927,2019
63,64,Cyprus,Western Europe,5.718,0.9125552986,1.345024469,0.1639595354,0.08092137155,0.5432145168,2019
64,65,Peru,Latin America and Caribbean,5.697,0.1422637618,0.5481216634,0.4334616062,-1.06032024,-0.8961917183,2019
65,66,Portugal,Western Europe,5.693,0.8057822143,1.162754147,0.8093460733,-1.44073411,-0.9175162551,2019
66,67,Pakistan,Southern Asia,5.653,-0.5771834492,-0.8040698001,-0.5736250793,0.3873658783,-0.1391706613,2019
67,68,Russia,Central and Eastern Europe,5.648,0.7091779951,0.005549540118,-0.4246897244,-1.070887292,-0.8535426447,2019
68,69,Philippines,Southeastern Asia,5.631,-0.2466953311,-0.2869307451,1.163954061,-0.7010404732,-0.04321024565,2019
69,70,Serbia,Central and Eastern Europe,5.603,0.2541212787,0.5481216634,-0.7934820317,-0.489699434,-0.7682444974,2019
70,71,Moldova,Central and Eastern Europe,5.529,-0.5568457188,0.06065452139,-1.055891943,-0.024749148,-0.7682444974,2019
71,72,Libya,Middle East and Northern Africa,5.525,0.3558099304,-0.2191092297,0.1568673757,-0.5319676419,0.4365918327,2019
72,73,Montenegro,Central and Eastern Europe,5.523,0.3736054444,0.6201820235,-1.396315611,-0.4368641743,-0.3310914927,2019
73,74,Tajikistan,Central and Eastern Europe,5.467,-1.044951247,-0.02836121759,-0.03462093776,0.4930363978,0.3512936854,2019
74,75,Croatia,Central and Eastern Europe,5.432,0.6379959389,0.8024523462,-0.6941917951,-0.6799063692,-0.9495030603,2019
76,77,Dominican Republic,Latin America and Caribbean,5.425,0.2820856579,0.2302083099,0.731332316,-0.743308681,-0.1071838561,2019
77,78,Bosnia and Herzegovina,Central and Eastern Europe,5.386,0.1041305174,0.509972061,-1.289933215,0.8417491124,-1.120099355,2019
78,79,Turkey,Middle East and Northern Africa,5.373,0.7091779951,0.3531348066,-1.410499931,-1.06032024,-0.05387251406,2019
79,80,Malaysia,Southeastern Asia,5.339,0.8057822143,0.4379117009,0.8093460733,0.8100479565,-0.9281785235,2019
80,81,Belarus,Central and Eastern Europe,5.323,0.4142809051,0.272596757,-1.12681354,-0.9440826681,0.3299691486,2019
81,82,Greece,Western Europe,5.287,0.7040935625,1.162754147,-2.318296379,-0.9440826681,-0.8215558394,2019
82,83,Mongolia,Eastern Asia,5.285,0.1117571663,-0.244542298,-0.5452564402,0.5458716576,-0.7789067658,2019
83,84,Macedonia,Central and Eastern Europe,5.274,0.2007347365,0.480300148,-0.346675967,0.01751905982,-0.8215558394,2019
84,85,Nigeria,Sub-Saharan Africa,5.265,-0.5288813396,-2.033334767,0.2277889732,0.3345306185,-0.7469199606,2019
86,87,Turkmenistan,Central and Eastern Europe,5.247,0.3761476607,-0.2869307451,0.0008398610238,0.6409751252,-0.8855294499,2019
87,88,Algeria,Middle East and Northern Africa,5.211,0.2490368461,0.2556413782,-2.183545344,-1.165990759,0.0314256332,2019
88,89,Morocco,Middle East and Northern Africa,5.208,-0.2619486288,0.2429248441,0.1710516952,-1.556971682,-0.3737405663,2019
89,90,Azerbaijan,Central and Eastern Europe,5.208,0.3532677141,0.1878198628,-0.3041230085,-1.567538734,0.7564598849,2019
90,91,Lebanon,Middle East and Northern Africa,5.197,0.2109036017,0.3828067196,-1.261564576,-0.1832549273,-0.8961917183,2019
91,92,Indonesia,Southeastern Asia,5.192,0.06853948927,-0.2742142109,0.6887793574,3.325006322,-0.8855294499,2019
92,93,China,Eastern Asia,5.191,0.317676686,0.7134366072,0.9015441501,-1.324496539,-0.1178461245,2019
93,94,Vietnam,Southeastern Asia,5.175,-0.4144816064,0.5354051293,1.057571665,-0.3840289145,-0.4057273715,2019
94,95,Bhutan,Southern Asia,5.082,-0.2314420333,-0.5115895149,0.4476459257,1.972423672,0.5965258588,2019
95,96,Cameroon,Sub-Saharan Africa,5.044,-0.9025871347,-1.668794122,-0.09135821581,0.03865316373,-0.7895690342,2019
96,97,Bulgaria,Central and Eastern Europe,5.011,0.4778363125,0.3828067196,-0.5878093988,-1.081454344,-1.141423892,2019
97,98,Ghana,Sub-Saharan Africa,4.996,-0.7449697245,-1.011773191,-0.09135821581,0.6515421772,-0.757582229,2019
98,99,Ivory Coast,Sub-Saharan Africa,4.944,-0.8517428088,-2.088439748,-0.2970308488,-0.3100595508,-0.2244688086,2019
99,100,Nepal,Southern Asia,4.913,-1.164435413,-0.2021538508,0.3199870501,1.074224255,-0.235131077,2019
100,101,Jordan,Middle East and Northern Africa,4.906,-0.1704288423,0.3828067196,-0.0771738963,-0.7750098368,0.2020219277,2019
101,102,Benin,Sub-Saharan Africa,4.883,-1.299172876,-1.38903037,-0.318307328,-0.08815145973,-0.3097669559,2019
102,103,Congo (Brazzaville),Sub-Saharan Africa,4.812,-0.5873523143,-0.9185186073,-0.1551876536,-0.8278450966,-0.1924820034,2019
103,104,Gabon,Sub-Saharan Africa,4.799,0.3888587422,-0.6514713904,-0.7012839549,-1.483002318,-0.5976482029,2019
104,105,Laos,Southeastern Asia,4.796,-0.3560106317,-0.7362482847,1.085940304,0.8734502682,0.5645390536,2019
105,106,South Africa,Sub-Saharan Africa,4.722,0.1422637618,-1.083833551,-0.03462093776,-0.5636687977,-0.5976482029,2019
106,107,Albania,Central and Eastern Europe,4.719,0.10921495,0.6328985577,-0.0771738963,-0.05645030387,-0.8961917183,2019
107,108,Venezuela,Latin America and Caribbean,4.707,0.1422637618,0.3404182725,-1.701278481,-1.261094227,-0.6829463501,2019
108,109,Cambodia,Southeastern Asia,4.7,-0.8390317274,-0.3717076393,1.525654209,0.5141705017,-0.523012324,2019
109,110,Palestinian Territories,Middle East and Northern Africa,4.696,-0.628027775,-0.2233480744,-1.197735138,-0.8489792005,-0.4803632504,2019
110,111,Senegal,Sub-Saharan Africa,4.681,-1.154266548,-0.6514713904,-0.7225604341,-0.3206266028,-0.4163896399,2019
111,112,Somalia,Sub-Saharan Africa,4.668,-1.154266548,-1.935841338,1.171046221,0.6304080732,1.694739505,2019
112,113,Namibia,Sub-Saharan Africa,4.639,-0.06365575797,-1.049922793,0.05048497932,-1.197691915,-0.5869859345,2019
113,114,Niger,Sub-Saharan Africa,4.628,-1.947438031,-1.520434557,-0.5381642805,0.04922021569,-0.09652158769,2019
114,115,Burkina Faso,Sub-Saharan Africa,4.587,-1.456790287,-1.461090731,-0.9849703451,-0.06701735582,0.02076336479,2019
115,116,Armenia,Central and Eastern Europe,4.559,-0.1373800305,0.3828067196,-0.786389872,-0.9335156162,-0.5016877872,2019
116,117,Iran,Middle East and Northern Africa,4.548,0.4981740428,0.2556413782,-0.6303623573,0.915718476,0.1487105857,2019
117,118,Guinea,Sub-Saharan Africa,4.534,-1.332221688,-1.482284954,-0.4388740439,0.2499942028,-0.2671178822,2019
118,119,Georgia,Central and Eastern Europe,4.519,-0.04586024392,0.1157595027,-0.3395838073,-1.483002318,0.5645390536,2019
119,120,Gambia,Sub-Saharan Africa,4.516,-1.515261261,-1.257626184,-0.08426605606,0.9051514241,0.5965258588,2019
120,121,Kenya,Sub-Saharan Africa,4.509,-0.9966491375,-0.6090829433,0.263249772,1.993557776,-0.6189727397,2019
121,122,Mauritania,Sub-Saharan Africa,4.49,-0.8492005925,-0.9990566569,-2.325388539,-0.8172780447,-0.2457933454,2019
122,123,Mozambique,Sub-Saharan Africa,4.466,-1.779651756,-1.418702283,0.7100558367,0.1443236833,0.287320075,2019
123,124,Tunisia,Middle East and Northern Africa,4.461,0.04311732634,0.3828067196,-1.609080404,-1.313929487,-0.5976482029,2019
124,125,Bangladesh,Southern Asia,4.456,-0.8695383229,-0.007166994021,0.9440971087,-0.1832549273,0.340631417,2019
125,126,Iraq,Middle East and Northern Africa,4.437,0.3532677141,-0.6387548563,-1.084260582,-0.3734618625,-0.235131077,2019
126,127,Congo (Kinshasa),Sub-Saharan Africa,4.418,-2.059295548,-1.558584159,-0.8856801086,0.3028294626,-0.6189727397,2019
127,128,Mali,Sub-Saharan Africa,4.39,-1.319510607,-1.76628755,-0.4743348427,-0.3206266028,-0.6296350081,2019
128,129,Sierra Leone,Sub-Saharan Africa,4.374,-1.616949913,-2.046051301,-0.6019937183,0.7255115408,-0.704270887,2019
129,130,Sri Lanka,Southern Asia,4.366,0.1142993825,0.450628235,0.5398440025,0.6409751252,-0.6829463501,2019
130,131,Myanmar,Southeastern Asia,4.36,-0.4932903115,-0.7192929058,0.9299127891,4.043565855,0.6498372009,2019
131,132,Chad,Sub-Saharan Africa,4.35,-1.408488177,-2.257993537,-1.559435285,0.1548907352,-0.3524160295,2019
132,133,Ukraine,Central and Eastern Europe,4.332,-0.2136465193,0.06065452139,-1.531066646,0.03865316373,-1.077450281,2019
133,134,Ethiopia,Sub-Saharan Africa,4.286,-1.444079205,-0.8167863342,-0.3537681268,0.2711283068,-0.1178461245,2019
134,135,Swaziland,Sub-Saharan Africa,4.212,-0.2365264659,-0.8167863342,-0.5736250793,-1.155423707,0.2553332698,2019
135,136,Uganda,Sub-Saharan Africa,4.189,-1.45424807,-1.194043514,-0.2686622097,0.7255115408,-0.5443368608,2019
136,137,Egypt,Middle East and Northern Africa,4.166,0.02277959599,-0.3420357264,-1.084260582,-1.134289603,-0.469700982,2019
137,138,Zambia,Sub-Saharan Africa,4.107,-0.8288628622,-1.266103874,0.263249772,0.6726762811,-0.2564556138,2019
138,139,Togo,Sub-Saharan Africa,4.085,-1.599154399,-1.333925389,-0.7154682744,-0.06701735582,-0.2777801506,2019
139,140,India,Southern Asia,4.015,-0.3788905783,-0.5794110303,0.7384244757,0.1760248392,-0.2777801506,2019
140,141,Liberia,Sub-Saharan Africa,3.975,-2.11268209,-1.194043514,-0.1693719731,0.5247375537,-0.8322181078,2019
141,142,Comoros,Sub-Saharan Africa,3.973,-1.601696615,-0.9312351415,-1.786384398,0.9685537358,-0.3524160295,2019
142,143,Madagascar,Sub-Saharan Africa,3.933,-1.601696615,-0.7192929058,-1.743831439,-0.1515537715,-0.7469199606,2019
143,144,Lesotho,Sub-Saharan Africa,3.802,-1.055120112,-2.35972581,-0.2473857305,-0.8067109927,-0.1924820034,2019
144,145,Burundi,Sub-Saharan Africa,3.775,-2.18132193,-1.461090731,-1.233195937,-0.07758440778,0.7351353481,2019
145,146,Zimbabwe,Sub-Saharan Africa,3.663,-1.367812716,-1.236431961,-0.2332014109,-0.3417607067,-0.235131077,2019
146,147,Haiti,Latin America and Caribbean,3.597,-1.477128017,-1.168610445,-2.609074929,2.490209217,-0.01122344043,2019
147,148,Botswana,Sub-Saharan Africa,3.488,0.3481832815,-0.7913532659,0.4334616062,-1.673209253,-0.1178461245,2019
148,149,Syria,Middle East and Northern Africa,3.462,-0.7246319942,-1.206760048,-2.701273006,1.560308645,0.3193068802,2019
149,150,Malawi,Sub-Saharan Africa,3.41,-1.812700568,-0.9736235886,0.3483556891,0.3662317744,-0.235131077,2019
150,151,Yemen,Middle East and Northern Africa,3.38,-1.568647803,-1.109266619,-1.779292238,-0.7961439408,-0.3630782979,2019
151,152,Rwanda,Sub-Saharan Africa,3.334,-1.38560823,-0.4692010677,1.142677582,0.3556647224,3.19811935,2019
152,153,Tanzania,Sub-Saharan Africa,3.231,-1.088168924,-0.9566682098,0.1639595354,0.9791207878,0.3832804907,2019
153,154,Afghanistan,Southern Asia,3.203,-1.408488177,-1.54162878,0.1639595354,-0.267791343,-0.9175162551,2019
154,155,Central African Republic,Sub-Saharan Africa,3.083,-2.232166256,-2.626773027,-1.197735138,0.5458716576,-0.810893571,2019
155,156,South Sudan,Sub-Saharan Africa,2.853,-1.520345694,-1.821392531,-2.722549486,0.1971589431,-0.2138065402,2019